answer,counts
可以,31817
能,25671
无法确定,24953
有,18176
不能,15221
不可以,13683
是,12558
会,10449
不是,9374
不会,7224
没有,6924
好,5856
要,3677
需要,2894
不好,2608
不要,1818
正常,1736
不需要,1714
不正常,917
算,848
有用,785
不一样,767
不算,735
靠谱,731
严重,602
用,595
属于,562
影响,501
适合,494
好用,477
不用,473
高,465
可靠,431
不严重,412
不一定,407
大,407
不属于,402
不影响,367
不靠谱,364
一样,323
真的,313
不大,284
不高,274
必须,271
行,267
容易,262
支持,261
多,249
合法,244
管用,238
对,238
没用,236
好看,233
不行,227
值得,225
否,219
上,216
难,211
在,206
不适合,204
治,196
假的,196
疼,187
正规,183
不必须,180
不难,179
不对,173
不可靠,173
不容易,170
厉害,165
吃,163
不支持,161
配,157
不合法,157
犯法,153
含,148
收费,147
招,147
喜欢,146
有效,144
违法,142
传染,141
收,139
同意,138
能 ,135
上班,130
不准,130
不含,127
不上,126
是的,124
准,124
一定,122
贵,119
不疼,118
包括,114
不多,111
不传染,111
可信,110
不违法,107
不收,105
快,104
饭后,102
免费,95
不治,94
合适,93
减肥,93
便宜,92
不在,91
不上火,91
该,91
怕,89
治疗,89
危险,88
不收费,86
重要,86
限行,85
不要紧,85
够,85
有害,82
去,81
要紧,81
碱性,80
不贵,79
应该,78
不免费,78
死了,78
分,76
没事,76
可,74
值钱,74
不怕,74
不包括,73
免,72
不犯法,72
不配,72
没死,71
正确,71
不可信,71
热,71
知道,71
可以 ,71
不上班,70
有必要,70
开,69
不免,69
给,69
不知道,69
带,67
存在,67
不该,67
不好用,66
让,66
不管用,65
伤,65
上火,64
防水,61
限,60
挣钱,60
能吃,60
痛,59
可能,59
不应该,59
通用,58
好治,58
补,57
饭前,57
不好做,56
限号,56
不吃,56
查,55
交,55
放,55
有关,54
准确,54
不可,54
好考,54
划算,54
没必要,54
不限,53
不通用,52
不危险,52
承认,52
不好看,52
不扣,52
好找,51
公办,51
好养,51
不分,50
打,49
扣,49
结婚了,49
不伤,49
凉性,48
长,48
好做,48
不值得,47
有 ,47
不卡,47
不痛,46
不划算,46
没有用,45
有毒,45
有事,45
加,44
不合适,43
允许,43
阳历,43
不好考,43
不快,43
好学,43
不喜欢,42
酸性,41
无效,41
报销,41
不远,41
不带,40
累,40
不够,40
不热,40
无关,39
不必,39
不可能,39
不正规,39
能用,39
降,39
热水,38
民办,38
费,38
不痛苦,37
够用,37
赔,37
不加,37
开放,37
不,36
限购,36
痛苦,36
冷水,36
强,36
平年,36
没结婚,36
管,35
出来了,35
不值钱,35
不限行,35
不让,34
有影响,34
包含,34
好喝,34
退,33
不便宜,33
下,33
好玩,33
远,33
放假,33
遗传,33
不好治,32
卡,32
晚上,32
防,32
不准确,31
经过,31
做,31
爱,30
不敢,30
免流,30
没,30
可数,30
无法确认,30
无法确定 ,30
费电,29
无害,29
考,29
到,29
不招,29
早上,28
没关系,28
低,28
漂亮,28
受,28
移动,27
敢,27
近,27
不能 ,27
不费,27
不去,27
会 ,27
冷,26
取消了,26
法国,26
安全,26
出了,26
有关系,26
值,26
不存在,26
健康,26
不给,25
不开,25
参加,25
扣分,25
下奶,25
不管,25
聪明,25
闰年,25
合理,24
不费电,24
送,24
不只能,24
方便,24
不可以 ,24
不都是,24
省电,24
穿,24
通,24
不可数,24
冷敷,24
是 ,23
打折,23
难受,23
无毒,23
休息,23
好办,23
是真的,23
不麻烦,23
看,23
卖,23
俄罗斯,23
开门,23
耐用,23
不遗传,22
左手,22
没有 ,22
喝,22
认可,22
不相克,22
只能,22
出,22
真,22
不晚,22
不是真的,22
看不到,21
不合理,21
南方,21
涨,21
会有,21
减,21
不长,21
二本,21
省,21
错,21
不冲突,21
相同,21
不厉害,21
不放,21
不等于,20
不休息,20
防晒,20
买,20
瑞典,20
检查,20
不交,20
包,20
不回,20
不允许,20
凉水,19
不赔,19
211,19
上市了,19
营业,19
变频,19
不能吃,19
烧,19
英格兰,19
不防水,19
没倒闭,19
不好学,19
不减肥,19
倒闭了,19
 能,19
赢了,18
隔离,18
换,18
反应,18
耗电,18
解,18
不受,18
有可能,18
不治疗,18
不包含,18
不冷,18
在一起,18
好过,17
舒服,17
热性,17
活着,17
养胃,17
不承认,17
严格,17
发,17
公立,17
环保,17
不胖,17
不限号,17
干净,17
好 ,17
不健康,16
不到,16
实用,16
小,16
火,16
回,16
不喝,16
 不可以,16
严,16
招聘,16
掉,16
不查,16
过,16
没影响,16
不补,16
巴西,16
不打,16
不防,16
不爱,16
好就业,15
养,15
产,15
不累,15
显示,15
华为,15
不杀,15
文科,15
麻烦,15
生效,15
不靠,15
不差,15
简单,15
不限购,15
不重要,15
日本,15
空调,15
拍,15
罚款,14
不检查,14
不显示,14
克罗地亚,14
可用,14
水,14
辛苦,14
花钱,14
限制,14
互通,14
停,14
真实,14
都要,14
不包,14
不正确,14
不互通,14
冷藏,14
不相同,14
回收,14
来,14
重,14
稳定,14
不稳定,14
不是 ,14
理科,14
招生,14
不经过,14
等于,14
好听,14
杀,14
饭后吃,14
不报销,14
比利时,13
上过,13
不挣钱,13
相克,13
中国,13
不退,13
乌拉圭,13
不扣分,13
来得及,13
取消,13
拿过,13
老虎,13
温水,13
开了,13
不卖,13
刺激,13
穷,13
不确定,13
一起,13
不穿,13
吸热,13
吸,13
禁止,13
共享,13
合格,13
发达,13
风寒,13
合,13
联通,13
走,13
上了,13
演过,13
开始了,12
壮阳,12
不合,12
打得过,12
咬,12
阴历,12
 不能,12
不放假,12
不通,12
保修,12
不发,12
没毒,12
假,12
拆,12
致癌,12
右边,12
本科,12
无,12
京东,12
不解,12
没取消,12
都是,12
不代表,12
认识,12
参加过,12
生吃,12
不显,12
黑,11
一定要,11
不相等,11
痒,11
生产,11
右手,11
不耗电,11
咬人,11
更新,11
热敷,11
要 ,11
不花钱,11
含有,11
相冲,11
阿根廷,11
中药,11
进了,11
都有,11
占,11
没出,11
不坑,11
不免流,11
看得到,11
具有,11
不同,11
完结,11
加盟,11
武汉,11
酸奶,11
自动,11
不拍,11
直播,11
制冷,11
抓,11
没结,11
好了,11
好使,11
美,11
前,11
牛奶,10
不耐用,10
易,10
女孩,10
不穷,10
不烧,10
靠,10
免流量,10
回奶,10
进过,10
科学,10
电信,10
瑞士,10
继续,10
不真实,10
地震了,10
不叫,10
少,10
北方,10
生了,10
一本,10
私立,10
升,10
费油,10
不花,10
防晒霜,10
不降,10
里面,10
补钙,10
不掉,10
高中,10
不恐怖,10
要钱,10
不会 ,10
不好进,10
发烧,10
美白,10
上市,10
男孩,10
不好养,10
进,10
有权,10
男的,10
犯罪,9
不只,9
出来,9
前驱,9
不严,9
不反应,9
不回奶,9
不矮,9
哥伦比亚,9
空腹,9
不难受,9
不都有,9
不易,9
不值,9
盖,9
不痒,9
不出,9
相等,9
耗,9
不缺,9
不免签,9
上海,9
不耐,9
不低,9
去火,9
体检,9
冲突,9
冷冻,9
不开放,9
不可怕,9
不能用,9
理赔,9
苹果,9
凉快,9
可怕,9
凉,9
c罗,9
成功,9
得,9
德国,9
阳性,9
溶,9
淘汰了,9
开花,9
开水,9
开放了,9
恐怖,9
招收,9
改了,9
开发,9
没离婚,9
招人,9
隔离霜,9
帅,9
显,9
 不是,9
没有影响,9
没有必要,9
坑,9
导电,9
梅西,9
韩国,9
打不过,9
右,8
不干净,8
不报,8
参加了,8
过敏,8
符合,8
钢琴,8
修,8
成熟,8
不强,8
辟邪,8
利好,8
合资,8
荣耀10,8
乳胶漆,8
人流,8
不保修,8
慢,8
软的,8
花,8
苦,8
享受,8
像,8
95,8
细菌,8
受理,8
统一,8
违章,8
结婚,8
结了,8
经常,8
奶粉,8
小米,8
好下,8
不合算,8
好卖,8
素颜霜,8
不丢人,8
左边,8
公平,8
免签,8
需,8
白天,8
下火,8
阳虚,8
开通,8
可以吃,8
耐,8
瘦,8
没上市,8
不减,8
不好过,8
饭前吃,8
小米8,8
偏大,8
985,8
害虫,8
好开,8
认,8
不耗,8
学,8
完结了,8
不简单,8
收取,8
犯,8
不具有,8
和,8
有钱,8
去了,8
不停,8
离婚了,8
在一起了,8
不要钱,8
不苦,8
难考,8
不看,8
换了,8
坏,8
单数,8
不相冲,8
不限制,8
解酒,8
铜,8
国产,7
整了,7
国企,7
美国,7
不好办,7
不能喝,7
没进,7
赔偿,7
不好喝,7
开通了,7
不舒服,7
黄,7
风热,7
引起,7
下了,7
计入,7
不好找,7
不考,7
没可能,7
整过,7
 可以,7
bb霜,7
好吃,7
坏人,7
早,7
不直播,7
没得过,7
不下,7
好抽,7
洗的掉,7
相通,7
不吉利,7
牛,7
没有死,7
消炎,7
液体,7
没完结,7
埃及,7
 有,7
结实,7
女,7
不发胖,7
幸福,7
学校,7
催奶,7
变,7
说,7
违反,7
顺产,7
有效果,7
不占,7
92,7
马云,7
承担,7
构成,7
优惠,7
后,7
吃药,7
自动挡,7
丰胸,7
一级,7
转,7
伊朗,7
招工,7
不都会,7
不省,7
交流,7
好走,7
拍过,7
合算,7
不都要,7
复数,7
戴,7
乳液,7
吉利,7
驱,7
忌口,7
得过,7
征信,7
触犯,7
通了,7
不解药,7
硬,7
治得好,7
祛斑,7
掉色,7
胖,7
蒸,7
墨西哥,7
家庭,7
保,7
不小,7
要求,7
不踩,7
不需,7
能喝,7
不近,7
导致,6
室内,6
办理,6
办,6
粉底液,6
不变,6
没通,6
加分,6
短,6
出名,6
祛痘,6
通知,6
医院,6
利,6
不卫生,6
北疆,6
分手了,6
分手,6
通过,6
禁,6
不做,6
不办理,6
北京,6
没问题,6
洗,6
ct,6
地震,6
退役了,6
薄,6
4s店,6
高好,6
打过,6
不换,6
专业,6
专一,6
不长胖,6
来过,6
不锈钢,6
不早,6
西班牙,6
不适用,6
不送,6
不违规,6
不超标,6
不赔偿,6
不来,6
起,6
不比,6
不认,6
有救,6
有区别,6
不溶,6
新历,6
不统一,6
 没有,6
贬义,6
无权,6
不科学,6
中医,6
葡萄牙,6
冷毛巾,6
轩逸,6
不可用,6
面,6
冬眠,6
冬天,6
an,6
农历,6
没害,6
平移,6
不咬,6
a,6
没去世,6
不坑人,6
缺,6
开业了,6
没关,6
强制,6
很好,6
很差,6
不安全,6
信得过,6
保留,6
微创,6
香港,6
忙,6
不归,6
输了,6
自己,6
止咳,6
药流,6
卡罗拉,6
不后悔,6
除,6
涨了,6
爽,6
电脑,6
益虫,6
限速,6
陈醋,6
后悔,6
不买,6
叫,6
生抽,6
除湿,6
阴虚,6
vivo,6
一致,6
男方,6
不一起,6
增加,6
复活了,6
可以·,6
卫生,6
甜,6
灭绝了,6
海尔,6
发胖,6
好进,6
熟吃,6
好申请,6
电,6
去世了,6
直流,5
减少,5
差,5
没整容,5
不拉,5
不找,5
成,5
冰敷,5
没拿过,5
不拆,5
软,5
繁华,5
手,5
红,5
后面,5
睡,5
工作,5
查不出,5
生,5
铂金,5
高铁,5
不方便,5
来了,5
复杂,5
省油,5
褒义词,5
分期,5
不去火,5
装,5
高考,5
没有结婚,5
没有害,5
查得到,5
找到了,5
出血,5
路过,5
不靠窗,5
降火,5
不亏,5
不排,5
不掉色,5
红茶,5
向上,5
适宜,5
凹透镜,5
代表,5
愿意,5
做过,5
建议,5
大米,5
罗纳尔多,5
可行,5
罚,5
羊奶,5
迈腾,5
奔驰,5
没停,5
不奇怪,5
很难,5
美容,5
深,5
顺时针,5
停了,5
停产了,5
当过,5
归,5
下来了,5
联网,5
可以喝,5
金毛,5
耐磨,5
下午,5
头,5
没上,5
上映,5
馒头,5
致,5
结过,5
内科,5
纯牛奶,5
合并了,5
介意,5
西药,5
关机,5
恢复,5
不含有,5
没完,5
男,5
性温,5
公鸡,5
涉及,5
建,5
没好,5
性寒,5
怀孕了,5
大于,5
没去,5
应,5
忌,5
公,5
全款,5
白醋,5
白色,5
右侧,5
没演过,5
不取消,5
头孢,5
硬的,5
不被,5
不要求,5
不理赔,5
塞内加尔,5
锻炼,5
碘伏,5
没跑路,5
碍事,5
没赢,5
不认可,5
去过,5
税前,5
治的好,5
没解散,5
 是,5
稳,5
有用 ,5
寒,5
寒性,5
不讲,5
流畅,5
限额,5
黑色,5
国税,5
收购,5
有助于,5
不能要,5
国家,5
有利,5
不伤胃,5
离了,5
赚,5
不耗油,5
看得见,5
摩洛哥,5
不臭,5
祛,5
看到,5
河南,5
不犯,5
不罚款,5
不玩,5
播,5
煮,5
对外,5
晚,5
参与,5
2,5
不办,5
不费油,5
速腾,5
排,5
博士,5
要用,5
木地板,5
处理,5
卵生,5
酸,5
 会,5
判刑,5
没离,5
接,5
不利于,5
挣,5
铝框,5
爽肤水,5
不省电,5
无影响,5
熟的,5
瓷砖,5
更新了,4
不祛,4
坏的,4
伤胃,4
大学,4
该用,4
不好玩,4
坐,4
能要,4
伤车,4
怀孕,4
大公司,4
男人,4
健在,4
脏,4
会计,4
教,4
不烂,4
地板,4
早好,4
放热,4
催,4
国内,4
明显,4
低好,4
佛教,4
香烟,4
胎生,4
无痛,4
爸爸,4
电视,4
游泳,4
不空腹,4
很重要,4
保鲜,4
余利宝,4
不繁华,4
贬义词,4
信,4
信用卡,4
不宜,4
贴,4
保密,4
肉,4
保值,4
留,4
上映了,4
调,4
坑人,4
永久,4
不禁,4
侵权,4
联网了,4
不缴纳,4
不祛痘,4
清楚,4
达克宁,4
诸葛亮,4
不祛斑,4
埋线,4
2b,4
驱蚊,4
输过,4
补血,4
不黑,4
踢,4
补充,4
可以用,4
不说明,4
不止咳,4
接受,4
打针,4
吓人,4
根,4
东站,4
蛋黄,4
生的,4
4g,4
后鼻音,4
打开,4
打印,4
虐,4
扣钱,4
不构成,4
朗逸,4
抽烟,4
不适宜,4
跌,4
按,4
长肉,4
西医,4
不过期,4
含糖,4
抽血,4
不走,4
不靠海,4
杭州,4
不改,4
夏天,4
跟团,4
查不到,4
不限速,4
生孩子,4
柴油,4
藤席,4
售,4
生肉,4
不自动,4
感人,4
轻松,4
有好处,4
不致癌,4
吸收,4
不致,4
臭,4
恢复了,4
赚钱,4
电子,4
不脏,4
自带,4
合不来,4
大专,4
吃香,4
潮湿,4
困难,4
上升,4
赢过,4
止痒,4
焯水,4
吊销,4
用了,4
玩,4
三本,4
丰田,4
钢化膜,4
落后,4
手机,4
手动,4
二手房,4
产生,4
多好,4
英式,4
支付,4
独立,4
火线,4
懂,4
合数,4
慢跑,4
不必要,4
不省油,4
耗油,4
省内,4
没有事,4
好打,4
没有取消,4
适应,4
适用,4
好批,4
没有效,4
出事了,4
出售,4
米饭,4
痛觉,4
市,4
出过,4
好拆,4
透气,4
少好,4
分开,4
不参加,4
双数,4
双休,4
需要 ,4
没法,4
没有上市,4
没效,4
不一致,4
发热,4
关,4
不同步,4
关闭,4
发生过,4
兼容,4
纳入,4
没开放,4
写,4
发生了,4
没开通,4
好事,4
退烧,4
好人,4
帮,4
不下奶,4
没恢复,4
海鱼,4
没成功,4
没打,4
退了,4
直销,4
降价,4
不产,4
省钱,4
不升高,4
威海,4
没黄,4
妇科,4
北站,4
不公平,4
升级,4
半价,4
油,4
宝马,4
不克,4
硬床,4
m,4
签,4
真的 ,4
法拉利,4
孕妇奶粉,4
完了,4
不偏,4
矮,4
安康,4
不侵权,4
占用,4
陶瓷,4
好闻,4
离婚,4
不伤害,4
私企,4
oppo,4
on,4
初中,4
没灭绝,4
没生,4
小卡,4
小写,4
判,4
海信,4
利大,4
不加分,4
没破产,4
利尿,4
不刺激,4
刷漆,4
封了,4
富裕,4
宽,4
看不出,4
没退,4
没退出,4
没学,4
出现,4
只有,4
口服,4
下降,4
预防,4
没参加,4
开着,4
没停产,4
不套路,4
不处理,4
考研,4
不增肥,4
免票,4
变大,4
公布了,4
不回收,4
公司,4
淘汰,4
不复杂,4
开拍了,4
结束了,4
不喂,4
没分,4
看不见,3
离开了,3
困,3
央企,3
秘鲁,3
很疼,3
有权利,3
搬,3
天然气,3
有名,3
提高,3
解药,3
稀有,3
勇士,3
宾利,3
剖腹产,3
看不出来,3
塔扇,3
擦,3
玉米,3
不蓝,3
塑料,3
天猫,3
深水,3
不般配,3
不补肾,3
不表示,3
不认识,3
害怕,3
堵,3
县,3
嘴,3
室外,3
动车,3
不要 ,3
加水,3
推迟,3
现实,3
好治疗,3
响,3
天津,3
咳嗽,3
肾阴虚,3
热毛巾,3
胀,3
不轻松,3
木头,3
掉毛,3
处罚,3
要做,3
判了,3
挨着,3
胃,3
羊奶好,3
开始,3
浙江,3
利空,3
提前,3
不说,3
提供,3
不记,3
空心,3
没退役,3
解决,3
唇釉,3
好转,3
封,3
墙纸,3
值得买,3
不负责,3
封杀了,3
排毒,3
排卵前,3
穿鞋,3
可爱,3
好钓,3
实行,3
偏高,3
先吃饭,3
无氧,3
南极,3
失败,3
真菌,3
矿泉水,3
考试,3
垂直,3
南北,3
破产了,3
石化,3
破解了,3
晒,3
不管事,3
当,3
土培,3
牛奶粉,3
停电,3
白,3
无用,3
泡,3
可吃,3
燕窝,3
洗脸,3
沙特,3
地球,3
负,3
昆明,3
不矛盾,3
旺夫,3
孙悟空,3
偶数,3
可以开,3
不短,3
洗面奶,3
不硬,3
弯的,3
无痛好,3
安全期,3
充电,3
停运,3
彩超,3
施工,3
厚,3
收购了,3
失眠,3
不聪明,3
匹配,3
改版,3
有办法,3
翡翠,3
改,3
讲,3
北极,3
碱,3
可做,3
记得,3
厦门,3
淘宝,3
持久,3
固态,3
熟,3
化妆前,3
有·,3
月经,3
区分,3
流行,3
圆,3
开空调,3
停产,3
不罚,3
老师,3
普遍,3
不美容,3
实体店,3
暖和,3
国行,3
物流,3
升值,3
实木,3
整容了,3
物理,3
千克,3
祛湿,3
挂,3
消肿,3
机械硬盘,3
吊顶,3
灵验,3
手动挡,3
乔峰,3
直接,3
荣耀v10,3
荣耀play,3
荣耀9i,3
公务员,3
手写,3
多喝水,3
带不动,3
买房,3
低压,3
甲方,3
乳酸钙,3
户口,3
苹果8,3
位于,3
手术好,3
应付,3
同步,3
名,3
能打,3
没改,3
能治,3
中医好,3
能治好,3
中午,3
格力,3
外面,3
蔬菜,3
没播,3
没换,3
全脂,3
用到,3
没拆,3
没抓,3
帝释天,3
主动,3
英语二,3
冰糖,3
备案,3
关闭了,3
想,3
受罪,3
毒,3
涨价,3
传播,3
皇马,3
盐水,3
自来水,3
怕热,3
没当过,3
消毒,3
休市,3
地税,3
关了,3
盐,3
吃药好,3
公的,3
结晶,3
变了,3
致命,3
军训,3
灌木,3
互溶,3
灭活,3
红糖,3
伤害,3
红色,3
交警,3
涨价了,3
电喷,3
艾灸,3
常见,3
发生,3
好买,3
止痛,3
良性,3
止血,3
亮,3
般配,3
藻油,3
必须要,3
没有了,3
分数,3
不重,3
双,3
听话,3
没活着,3
拆迁,3
保护,3
没杀,3
建筑面积,3
海水,3
缩水,3
免税,3
报,3
护,3
抗癌,3
叠加,3
抗,3
入,3
分了,3
没关门,3
睡觉,3
小米6x,3
烧钱,3
水凝膜,3
吹,3
大陆,3
复发,3
平角,3
杀菌,3
创业,3
不都,3
古筝,3
分配,3
不都可以,3
烫,3
权威,3
拘留,3
拔,3
来不及,3
不都能,3
就是,3
管理学,3
网上,3
溶于水,3
相和,3
没出线,3
缴纳,3
比特,3
专科,3
东北虎,3
打的过,3
相合,3
东户,3
减脂,3
东部,3
蜂蜜,3
两个,3
余额宝,3
反对,3
左脚,3
缴税,3
外痔,3
必须做,3
湖南,3
民企,3
属,3
促进,3
被抓了,3
不难考,3
外侧,3
出线,3
扶摇,3
篮球,3
气垫,3
出汗好,3
标准,3
不顺利,3
属实,3
扣费,3
能买,3
托运,3
没有毒,3
可逆,3
易燃,3
负极,3
7,3
靠窗,3
不封号,3
不消炎,3
不消毒,3
不反弹,3
不少,3
不消化,3
踢不过,3
不排卵,3
不去皮,3
高尔夫,3
陪,3
不工作,3
上门,3
上面,3
不永久,3
软件,3
不判刑,3
不删档,3
不分配,3
不提供,3
透,3
三相,3
踢过,3
魔战,3
不热气,3
鲜胚,3
不打折,3
迈克杰克逊,3
不富裕,3
追究,3
降价了,3
踩,3
不漂亮,3
p20,3
不涨,3
退役,3
308,3
不只有,3
不挤,3
316,3
32,3
高通,3
不发达,3
选,3
不正常 ,3
马拉多纳,3
银行,3
道歉了,3
不免票,3
风冷,3
不免流量,3
霸王龙,3
超载,3
跑步,3
顺利,3
不产生,3
不介意,3
不休,3
跑了,3
输液,3
不信,3
不当,3
不征,3
不明显,3
a3,3
跆拳道,3
靠得住,3
不作废,3
不体检,3
C罗,3
醒酒,3
都,3
不废,3
不常见,3
in,3
不凶,3
i5,3
香,3
不播,3
轻,3
8p,3
不应,3
不兼容,3
雷神,3
不收敛,3
不养,3
重好,3
不改变,3
不忙,3
不丑,3
雷克萨斯,3
不公开,3
不丢脸,3
不同时,3
不封,3
不伤车,3
不生产,3
一汽大众,3
不犯罪,3
win10,3
1,3
还,3
不够用,3
防癌,3
违规,3
x,3
黑糖,3
一学期,3
长高,3
不好使,3
鹅蛋,3
不拘留,3
不留,3
不生,3
不和,3
 好,3
一级好,3
不瘦身,3
不壮阳,3
0,3
不相通,3
黄色,3
 需要,3
不吓人,3
鸡蛋,3
不承担,3
不在一起,3
 不会,3
不咬人,3
不好开,3
运行,3
一只,3
不好 ,3
还在,3
长发,3
皮带好,2
不一定要,2
直接吃,2
盈利,2
皮肤科,2
取,2
牛肉,2
牛角梳,2
圆头好,2
重疾,2
重伤,2
变化,2
牢固,2
白金,2
国考,2
口红,2
锌合金,2
白的,2
物业,2
变黄,2
变频的好,2
金卡,2
白雪公主,2
重视,2
变大了,2
金利来,2
发展中,2
金刚,2
百搭,2
受伤了,2
牧尘,2
受伤,2
一样大,2
反感,2
发展,2
去皮,2
一套,2
酷睿,2
燃气热水器,2
酱油,2
县委书记,2
长了,2
去除,2
不会是,2
去皱,2
不会有,2
酸梅膏,2
坐着,2
看不清,2
去湿,2
配送,2
熟的好,2
一副,2
去壳,2
看守所,2
厨师,2
地砖,2
双向,2
发奶,2
不中,2
圣兽,2
爷爷,2
爵士,2
发了,2
爱吃,2
在建,2
相似,2
在意,2
口腔科,2
爱他美,2
双盆,2
在用,2
相当于,2
双面,2
相生,2
醒了,2
相邻,2
双眼皮,2
一定有,2
燕十三,2
口腔医院,2
商业保险,2
锋范,2
猴,2
喝水,2
吕布,2
三天,2
向上吹,2
钻石,2
后轮,2
生锈,2
玉皇大帝,2
三星,2
用于,2
猫,2
喝 ,2
用电,2
同时,2
吊顶好,2
三甲,2
甲硝锉栓,2
四川,2
甲醇,2
四川大,2
猪,2
钓浮,2
生成,2
生态板,2
物理防晒,2
周岁,2
哥斯达黎加,2
玻璃,2
哈曼卡顿,2
哈尔滨,2
理性,2
咸,2
喂,2
一铵,2
瑜伽,2
和好,2
善良,2
玉髓,2
呕吐,2
告诉,2
铝合金,2
吸引,2
听得懂,2
万足金,2
听不懂,2
听,2
三亚,2
喜欢过,2
合肥工业大学,2
狼,2
四级,2
瘦肉,2
上涨,2
上环,2
上瘾,2
疼好,2
固体,2
疾病,2
可取,2
上药,2
犯法 ,2
金毓婷,2
瘦腿,2
合得来,2
下架,2
国产车,2
可以  ,2
白光,2
商家,2
金属,2
只有一个,2
下调,2
锆石,2
白开水,2
上海站,2
一直开,2
台式,2
台湾岛,2
一直开着省电,2
独显,2
回归了,2
电子厂,2
合并,2
合作了,2
合作,2
上个月,2
狗粮,2
回过,2
狗,2
团长,2
上午,2
电磁炉,2
吃奶,2
电脑管家,2
团队,2
电镀,2
司马懿,2
司徒美堂,2
右脚,2
只能用,2
礼嘉,2
原装,2
养颜,2
冰箱,2
冰柜,2
不合并,2
追,2
不合格,2
不合财,2
红薯,2
写完了,2
纯净水,2
不吊销,2
纯棉,2
纳税清单,2
练,2
结束,2
连续,2
组队,2
关注,2
终身,2
关晓彤,2
不吸,2
经销商,2
结,2
连,2
不吸烟,2
不吸血,2
结局了,2
不吃亏,2
红外线,2
红发,2
不可靠 ,2
透明,2
出轨了,2
出线了,2
出租车,2
不发烧,2
米氮平,2
选专业,2
出汗,2
不取,2
逆风,2
出台,2
粗,2
不受罪,2
适合 ,2
凌派,2
凌晨,2
凉的,2
送到,2
不可以·,2
紧,2
冻结,2
紧张,2
退出了,2
退出,2
不可数名词,2
结扎,2
不命苦,2
管制,2
美音,2
不复发,2
进口,2
羊奶粉,2
先长,2
美元,2
先进,2
美团,2
先装门,2
美图,2
美式英语,2
不好买,2
美的,2
先洗澡,2
结石,2
先敷面膜,2
先挂档,2
老了,2
先报警,2
先天,2
不好医,2
还能,2
不好卖,2
考上了,2
考虑,2
先付款,2
还有,2
罗红霉素,2
不处罚,2
免息,2
进行,2
公立学校,2
不咸,2
公猫,2
绝缘体,2
不喜,2
公斤,2
公开,2
继承,2
不回来,2
不困难,2
全责,2
绿地,2
全瓷,2
全款好,2
不土,2
绿色,2
绿茶,2
缓解,2
缩,2
不坏,2
全,2
入职前,2
不垃圾,2
党委,2
网线,2
途观,2
算是,2
看的到,2
北戴河,2
碳钢,2
华东,2
基金,2
升高,2
不免税,2
不入,2
祛痘印,2
区别,2
区,2
北美,2
不共享,2
北极熊,2
北广场,2
动物,2
北京站,2
郑州,2
禁摩,2
不关,2
化疗,2
禁行,2
化学变化,2
离合,2
邮政,2
私了,2
私人医院,2
助,2
碳酸钙,2
华为p20,2
都不是,2
华山,2
厚的,2
不作为,2
厘米,2
真烟,2
卸妆水,2
不便秘,2
危害,2
不保值,2
都能,2
不保证,2
不假,2
南广场,2
都开,2
研究生,2
都好,2
不催,2
破坏,2
单板,2
硕士,2
不傻,2
单向,2
单卡,2
协和,2
都会,2
华硕,2
动脉血,2
种,2
途观丝绸之路,2
笔记本,2
不刹车,2
刷,2
突出,2
到了,2
刮痧,2
立案,2
刮,2
站着,2
通过了,2
通车了,2
利于,2
不助,2
笔试,2
动了,2
通液,2
列入,2
划得来,2
刑事,2
不区分,2
等额本息,2
分类,2
不升,2
通便,2
算 ,2
不去除,2
分开好,2
不刷,2
刷牙,2
刹车,2
不判,2
种子,2
加碘,2
加盟好,2
加班,2
种植牙,2
种牙,2
科三,2
不凉快,2
加了,2
科比,2
科目三,2
办得了,2
办卡,2
不出来,2
称重,2
剪,2
道教,2
稀饭,2
不分开,2
税后,2
剑,2
前鼻音,2
前面,2
前腿,2
稳定了,2
熟姜,2
大 ,2
煮着吃,2
4S店,2
打不通,2
50,2
高危,2
框架,2
手表,2
梦幻,2
检,2
房颤,2
房产证,2
高中好,2
楼梯房,2
榆木,2
成龙,2
成都,2
成正比,2
止,2
成功了,2
止泻,2
验血,2
600,2
正,2
感染,2
感光,2
正宗,2
正常 ,2
正方形,2
64,2
5,2
打粉,2
高速,2
高帮,2
抽,2
抹,2
抵押,2
护眼,2
护主,2
360,2
染,2
抗日,2
柜台,2
高端,2
高烧,2
查的出来,2
抑郁症,2
查的到,2
找到,2
找,2
批准了,2
批,2
扰民,2
3的21次方,2
扩招,2
扩张,2
执行了,2
扣除,2
标量,2
高德,2
树上,2
64位,2
660,2
武警,2
死了 ,2
很多,2
很厉害,2
很,2
饭,2
征,2
餐后,2
影响大,2
形迹可疑,2
形容词,2
录取,2
当了,2
汽油,2
强烈,2
强大,2
弱酸,2
沉,2
飞秒,2
沙子,2
飞机,2
飞利浦,2
C1,2
弊大于利,2
没下,2
没下海,2
开除,2
风扇,2
开播了,2
很大,2
水滴轮,2
很累,2
必须打,2
性感,2
母亲,2
母的,2
母蚊子,2
快车,2
快走,2
每年,2
马化腾,2
7p,2
马,2
8,2
必须有,2
比熊,2
很高,2
849,2
首发,2
气垫bb,2
气管镜,2
德牧,2
氙气大灯,2
氧化,2
微笑,2
氧气,2
微创手术好,2
8k,2
得了,2
杨过,2
30天,2
一个,2
智力,2
暖光,2
暴击,2
斐乐,2
暴躁,2
黑枸杞,2
曝光,2
曝光了,2
整容,2
黑暗,2
散热,2
散打,2
教育局,2
敏感,2
效果好,2
黄金贵,2
黄金,2
放开了,2
有人,2
1.5T,2
攻击,2
改签,2
1.8,2
有前途,2
改变,2
1060,2
有助,2
收回,2
斯利安,2
新东方,2
拉,2
黑盘,2
明朝,2
昭仪,2
是·,2
早上好,2
齐全,2
无风险,2
是的 ,2
 不正常,2
无缘,2
无线,2
无痛人流,2
无法确的,2
显卡,2
黑色防晒,2
显性,2
显白,2
 无法确定,2
 正常,2
 疼,2
晚上好,2
方太,2
方便面,2
晚期,2
晨光,2
新的,2
新房,2
新天际,2
收到,2
收不到,2
黄光,2
122,2
损害,2
损伤,2
木板,2
201,2
挡,2
指纹好,2
本地,2
本田,2
20年,2
机动车,2
拿到过,2
拿不回来,2
机考,2
招财,2
24周,2
招生了,2
魔法,2
28,2
权志龙,2
拔罐,2
3,2
拍了,2
拉拉裤,2
拉手刹,2
高频灶,2
拉布拉多,2
拉丁舞,2
20,2
鲅鱼圈,2
2.5,2
搬走,2
12冰,2
有帮助,2
13,2
撕,2
摸不到,2
摩托车,2
鸽子,2
鸭蛋,2
有望,2
有期限,2
有机会,2
搬迁了,2
搬了,2
朝上,2
搞,2
有氧,2
提神,2
有源,2
鸡,2
有益,2
有线,2
有营养,2
接近,2
有问题,2
鳄鱼,2
鲨鱼,2
L,2
领动,2
开工,2
好换,2
好报,2
p,2
降压,2
pc,2
海洋,2
海虾,2
降了,2
好友,2
好停,2
涂,2
qq,2
消炎药,2
女的,2
消耗,2
女王大,2
女性,2
女人,2
涡轮增压,2
奥克斯,2
阴性好,2
s,2
阴性,2
液体钙,2
奇函数,2
夺过,2
阳木,2
头晕,2
好拔,2
海尔好,2
没停售,2
好消化,2
洗澡后,2
洪金宝,2
孕前,2
活了,2
m ,2
活血,2
派件,2
派出所,2
m1,2
派单,2
流,2
流产,2
姥姥,2
妇幼,2
妆前乳,2
妆前,2
如来,2
好退,2
mk,2
好贷,2
好补,2
好约,2
浦东,2
浪琴,2
限流,2
限时,2
n卡,2
t1,2
淡水鱼,2
失去,2
that's,2
wifi,2
灵敏,2
win7,2
多吃,2
闭馆,2
炒,2
x1,2
外甥女,2
外婆,2
夏普,2
复读,2
x5,2
闪电侠,2
烧机油,2
烫发,2
热喝,2
长胖,2
备份,2
长的好,2
热气,2
热的,2
增肥,2
增肌,2
增强,2
热门,2
热闹,2
墙布,2
火罐,2
耐旱,2
大专好,2
uc浏览器好,2
深圳,2
太空铝,2
太监了,2
太刀,2
天然,2
清漆,2
清火,2
天域,2
天佑,2
天丛云,2
清零,2
温性,2
温顺,2
潮,2
大肠,2
防晒喷雾,2
大的,2
防摔,2
溶于,2
滚筒,2
满意,2
大好,2
大四,2
大唐,2
漏电,2
vivonex,2
洗澡,2
随便,2
洋房,2
局麻,2
没得,2
面粉,2
面积,2
面条,2
没成熟,2
靠谱 ,2
b1,2
没打过,2
没找到,2
靠海,2
没拿,2
布洛芬,2
没改名,2
非转基因,2
没整,2
没整过,2
非必须,2
巴萨,2
c1,2
没有  ,2
没有倒闭,2
没有停,2
巨蟹,2
岛上,2
没有恢复,2
山西,2
山东,2
面膜,2
常开,2
常温,2
没到,2
L大,2
开发商,2
OPPO,2
建设,2
建交了,2
延迟,2
顺产好,2
没出轨,2
顺丰,2
废,2
没分手,2
没判,2
项羽,2
amd,2
广西,2
广汽,2
广州,2
没发,2
没发行,2
Z1,2
a2,2
没在一起,2
没地震,2
没复活,2
没封,2
没开,2
霜,2
尿布,2
学习,2
尼日利亚,2
客厅,2
没钱,2
没错,2
没降,2
i7,2
沫,2
实心,2
隔音,2
治不好,2
治好,2
iphonex大,2
治病,2
定制,2
泄气,2
定,2
法国队,2
法院,2
安装,2
安检,2
波奇网,2
安徽,2
l,2
随机,2
注册了,2
注销,2
学过,2
学前教育,2
难治,2
没踢过,2
没跑,2
雌鱼,2
没有进,2
没有退役,2
没有问题,2
小鱼,2
没来过,2
没消弱,2
小的好,2
没熟,2
零线,2
没离过婚,2
封闭,2
封路,2
封杀,2
容声,2
封号,2
没统治过,2
对称,2
对的,2
没解决,2
富有,2
gpu,2
寄给,2
寂寞,2
雅诗兰黛,2
宽带,2
没超载,2
耐寒,2
开工了,2
躺着,2
不计,2
不止血,2
不正,2
解决了,2
不记录,2
不记仇,2
输出,2
不强制,2
不引起,2
自体脂肪,2
解散了,2
赵云,2
解暑,2
不计入,2
膜上,2
脂肪,2
不解渴,2
会引起,2
会得,2
不洗,2
会掉,2
会是,2
不开门,2
腥,2
脱,2
走动,2
詹姆斯,2
不延长,2
不流,2
起冲突,2
见过,2
休,2
不读,2
致死,2
人参,2
不忌,2
轻的,2
超标,2
自转,2
不起飞,2
人民币,2
自费,2
不起反应,2
不起,2
自由行,2
自由泳,2
今天,2
轿车,2
从下往上,2
自然,2
不更新,2
付款,2
付费,2
自治区,2
超声,2
不费劲,2
要还,2
任正非,2
不贴,2
不征信,2
走了,2
能退,2
不踢,2
贵 ,2
能·,2
能  ,2
保住了,2
试管婴儿,2
胡桃木,2
保本,2
保汇率,2
不耽误,2
贷款,2
胖呼呼,2
不耐摔,2
保真,2
不然,2
请,2
不浓,2
不犯规,2
不环保,2
贴膜,2
不缴税,2
胃溃疡,2
不甜,2
修了,2
胀痛,2
不结晶,2
不结婚,2
迈巴赫,2
不实行,2
调了,2
侧吸,2
侧卧,2
能做,2
能取,2
不补钙,2
不浪费,2
不涂,2
辣,2
能行,2
计算,2
伤身体,2
伦敦,2
不营业,2
订金,2
低危,2
不消耗,2
赤小豆,2
不润,2
不帮忙,2
低筋,2
不带电,2
住,2
不致命,2
住校,2
能换,2
能开,2
不清,2
不脱,2
不清零,2
赔付,2
不属实,2
不路过,2
不晦气,2
倍耐力好,2
路虎,2
不排外,2
补办,2
丰富,2
不接受,2
跳绳,2
落叶,2
落,2
为,2
不接近,2
不抗摔,2
表示,2
表面,2
主管,2
不需要 ,2
被禁了,2
久,2
莫代尔,2
乌龟,2
不抑制,2
乔丹,2
跟着,2
乙酸,2
不随便,2
药,2
不携带,2
不扣除,2
不收回,2
不扣费,2
葡萄糖,2
中间,2
董事长,2
专升本,2
踩离合,2
两扇,2
虚岁,2
两厢,2
蛋清,2
不拉肚子,2
蛋白粉,2
不拆迁,2
不挂,2
不指,2
薄的,2
车,2
东边,2
不报废,2
东方卫视,2
东方不败,2
不按照,2
中央空调,2
蓝色,2
中性词,2
蓝牙,2
不挣,2
行政,2
业主,2
中石油,2
街道办,2
中药好,2
买了,2
买保险,2
不怀孕,2
不退烧,2
不通知,2
西部,2
不是很差,2
五档,2
苏州,2
不透气,2
不是必须,2
不愿意,2
不适应,2
越小,2
花呗,2
越好,2
越低越好,2
不迟,2
荡板,2
软件工程,2
不连,2
不违反,2
不进,2
不还,2
不返还,2
不恨,2
产生了,2
不晚点,2
不过时,2
产科,2
要吃,2
不辣,2
不通过,2
五叶,2
五十铃,2
不慢,2
草原,2
不闭馆,2
跑男,2
乾隆,2
茎,2
不长 ,2
不放款,2
不锈钢的好,2
苹果x,2
不钻,2
转让,2
二手车,2
不成熟,2
不释放,2
英语,2
二级,2
跌了,2
不成功,2
英朗,2
不都戴,2
不成,2
英国,2
足球,2
云杉,2
不懂,2
西药好,2
西边套,2
不终身,2
虾,2
运动好,2
谢霆锋,2
借方,2
倒闭,2
不学,2
偏小,2
运动,2
肾结石,2
调整了,2
不算是,2
值得去,2
肺癌,2
不好钓,2
不真,2
运用,2
不等同,2
不签,2
不盈利,2
运动后,2
调查,2
不直接,2
不相合,2
负责,2
贩毒,2
调皮,2
还可以,2
不相当于,2
肉装,2
不好通过,2
元素,2
不符合,2
借呗,2
运单号,2
运输,2
偶函数,2
返还,2
贝壳粉,2
不实用,2
近视,2
不禁止,2
返,2
不好走,2
不好批,2
偏僻,2
调理,2
停工,2
不礼貌,2
联系,2
质数,2
败火,2
质量,2
儿科,2
没有解决,1
没有可能,1
西北师大,1
没有这种说法,1
没有过时,1
需要休息,1
没有赢,1
青茶,1
没有改变,1
没有要,1
西北,1
没有搬,1
没有回,1
是闰年,1
没有失去,1
没有完结,1
没有完结了,1
没有连着,1
是镀金,1
没有实行,1
没有通过,1
没有升,1
没有去,1
没有去世,1
财务负责人,1
没有参加,1
没机会,1
没服役,1
没有拿过,1
西冲要,1
需要                                ,1
青虾,1
需要O,1
没有钱,1
没有重播,1
没有都挖,1
没有完蛋,1
没有被淘汰,1
青海,1
没有权,1
青柠·,1
没有改,1
西塘,1
豹子大,1
青岛,1
没有普及,1
没有找到,1
没有晋级,1
黑龙甲,1
西南石油,1
西城男孩 Westlife,1
没有效果,1
没有打起来,1
黛玉,1
霸道,1
没有暂停,1
西南交通大学,1
没有改名,1
霸天虎,1
没有帮助,1
没有结过,1
跑步后,1
没有抓到,1
没有结束,1
需要根据情况判断,1
没有睡过,1
霖,1
没有开业,1
没有淘汰,1
鼻,1
露了,1
没有开通,1
没有活着,1
露脚踝,1
没有建交,1
裹脚,1
跑步机,1
集美,1
是藤,1
是近视,1
被证实,1
没被封,1
没被停赛,1
被除数,1
集中买,1
集成吊顶,1
没统一,1
雌激素,1
没被杀,1
裂变,1
没给,1
没结过,1
跟,1
装不了,1
跑路了,1
没结局,1
没结婚了,1
装修,1
没被开除,1
没被淘汰,1
需节制,1
雅迪,1
雅诗兰黛dw粉底液,1
没贴,1
跟人走,1
跟不上,1
没谈过,1
没解除,1
贝亲,1
被盗过,1
是真货,1
被禁,1
没被证实,1
雅阁,1
没规定,1
雅阁大,1
没见过,1
没要求,1
是自带,1
雅马哈,1
没要,1
集中,1
雕,1
雕大,1
没经历过,1
雷阿伦,1
雷军,1
没灭,1
没火化,1
雷凌,1
没淘汰,1
裹粉,1
是酸性,1
没消肿,1
雷贝拉唑,1
是除以,1
没纳入,1
雾眉,1
没活,1
需个人档案,1
没水,1
需哟,1
需放,1
褒义,1
没权利,1
没权,1
装硬盘,1
没爱上,1
没独立,1
雷了,1
没立刻,1
没稳定,1
装得下,1
雨蒙蒙,1
雪童子好,1
没禁用,1
没禁止,1
雪花,1
零售,1
没破,1
装死,1
没相认,1
零钱通,1
是通了,1
没登,1
没瘦,1
没病,1
没电,1
没用 ,1
没有判刑,1
有利于,1
没有出来,1
青虾仁,1
没复合,1
没备案,1
没坏,1
黑色死神,1
豆乳洗面奶,1
没回来,1
没哭,1
没哟u,1
西铁城好,1
没吸过,1
谷草转氨,1
黑舌,1
没吐槽过,1
没吃药,1
没吃,1
音调,1
没叫停,1
没变坏,1
越想吐,1
西门子冰箱,1
没发烧,1
显瘦,1
没夺过,1
豆浆,1
鞭刑,1
没建,1
没平,1
没带,1
鞥,1
没希望,1
没封闭,1
财金,1
没封山,1
西边户好,1
没实现,1
没好过,1
韩国爱丽小屋,1
韭菜,1
没完工,1
音乐厅,1
音乐表演,1
没嫁给,1
音痴队,1
没嫁,1
没娶,1
显示信息,1
没反,1
显黑,1
超重,1
没出生,1
没出狱,1
没出来,1
晕车 ,1
没出局,1
没出家,1
没出完,1
要一致,1
黑线,1
顺德区,1
黑胶好,1
顺着,1
顺风,1
要交,1
没准,1
没再婚,1
须弥,1
须知,1
顾家,1
颁发了,1
要     ,1
没出过,1
韵达,1
没办法,1
晋中,1
晋级,1
没去过,1
败,1
韵达快递贵,1
韶关,1
没升,1
没加入,1
没办过,1
顶吸,1
没出道,1
没前途,1
顶灯,1
没到底,1
晓姿白肌饮,1
越低越耗,1
晓得,1
晕,1
越不潮湿,1
超量,1
没建好,1
越短,1
没开业,1
是黑人,1
西工,1
非机动车,1
是零线,1
西座,1
非罗,1
没救,1
没效果,1
是非,1
西德,1
靠不住,1
没暂停,1
没收购了,1
靠右,1
黑骑士,1
没搬,1
靠后,1
靠墙,1
西户好,1
足银,1
西户好 ,1
没断,1
跑,1
没拍,1
西安,1
青霉素胶囊,1
青颜色,1
没有出售,1
跑完步再吃东西,1
没有出,1
靓靓蒸虾,1
没有停运,1
西宁,1
没有做好,1
没有修好,1
西安邮电,1
静脉,1
被猥亵,1
没有下来,1
黑鱼,1
非全日制,1
没有y,1
财管,1
非得,1
西安财经,1
没拍过,1
没拉倒,1
没开发完,1
没开除,1
越高越好,1
西红柿,1
越高,1
越紧,1
没形成,1
面膜后,1
没弱,1
黑苦荞,1
西藏,1
显卡不能内存能,1
西米露奶茶,1
面试,1
没开盘,1
面霜,1
鞋架,1
显怀,1
没开拍,1
没开庭,1
没开工,1
没开始,1
象牙白,1
没怀孕,1
靠柱子,1
没打赢,1
没抓住,1
黑霜,1
没承认过,1
是黑的,1
西方国家,1
西楼头,1
黑豹,1
靠的住,1
西汉,1
足金,1
面临,1
黑豆浆,1
西甲球员,1
没成形,1
没成年,1
靠近,1
没戏,1
没感觉,1
黑豆,1
没患,1
静脉血准,1
雄鸽,1
没走,1
陈新娜,1
降血压,1
血衣侯,1
海景中心,1
龙牌,1
海明威,1
是   ,1
是1953年,1
降血脂,1
海外直邮,1
海参,1
限了,1
限制了,1
海博伦,1
行业龙头,1
海南中学,1
行为犯,1
海南,1
海信7700,1
限号 ,1
浴网好,1
限售,1
血虚,1
降糖,1
降序,1
海盐好,1
春节,1
陈的,1
陈诚,1
海飞丝,1
海贼王,1
海豹,1
螺杆泵,1
蟑螂药,1
海绵,1
海盐,1
：华为荣耀10,1
海洛因,1
血压计,1
降低,1
血小板减少,1
血河,1
海油,1
春风比喻剪刀,1
海水鱼,1
血糖低,1
浴帘好,1
浮好,1
浪鲸好,1
浅表性胃炎,1
测试,1
除以4,1
测不出来,1
除夕,1
测不出,1
测,1
衡阳师范学院,1
浇水,1
浅黄,1
衣柜定制,1
院士,1
是上午,1
踢球,1
除数,1
是传销,1
浅色,1
浅的,1
是侯,1
浅点好,1
浅根,1
测速,1
济南,1
是32,1
浙江工商大学,1
浪鲸,1
浪费,1
是b,1
行政村,1
浪漫,1
行政管理,1
浙江师范,1
行星,1
限行 ,1
行程单,1
济南东,1
限行了,1
街舞,1
限量,1
是s码,1
浙二,1
街道,1
浓硫酸,1
陡,1
济南站,1
融券多好,1
陈慧敏,1
流通,1
海鲜,1
蛋仔,1
阳角条,1
星沙,1
阴历过,1
星空,1
：硅酸钙板,1
淑妃,1
淌,1
涵,1
液晶,1
液化气,1
阴天,1
蛋疼,1
负荷侧,1
液体玻璃,1
蛋白,1
涨气,1
：灭霸,1
春天,1
踩离,1
阴面,1
蛇怕蜈蚣,1
淡,1
淡斑,1
蚊香片,1
深盘,1
深点好,1
防蓝光,1
虾类,1
蚊帐,1
深好,1
深圳中学,1
防雷,1
星接,1
蚕丝,1
阳台,1
淮阴师范学院,1
蚯蚓,1
淮安,1
蛇,1
淡水珍珠粉,1
星星,1
淡水,1
防风,1
阳,1
蛙泳,1
涨 ,1
阿奇霉素,1
：唐三,1
阿根廷胜,1
阿立哌唑,1
春秋战国,1
阿米尼,1
消亡,1
阿莫达,1
阿里,1
消,1
阿里地区,1
阿里斯顿,1
消失,1
涂抹,1
附条件,1
涂封层,1
融会贯通,1
陆地,1
海龟大,1
陆风x8,1
海鸥,1
陈廷敬,1
消化,1
踩刹车,1
润肺,1
蜂蜜好,1
春小麦,1
涡轮,1
阿尔巴卡,1
春来高中,1
涉及到了,1
阿布好,1
消防工程师,1
阿布拉多,1
消费者,1
阿拉斯加,1
消弱了,1
蜂蜜水,1
蜕皮,1
消磁,1
蜡梅,1
蝴蝶,1
消炎杀菌,1
阿拉蕾,1
阿拉贡,1
消栓通络片好,1
流量,1
除湿省电,1
被灭了,1
隐形牙套,1
油烟机,1
油漆好,1
跨省,1
油性皮肤健康水,1
油刹,1
被批斗,1
沸水,1
河鲜,1
河马,1
河西,1
隧道,1
河虾,1
是死了,1
隶属,1
河北经贸大学,1
是物理,1
被抓,1
是犯法,1
跨城,1
难了,1
难受 ,1
油脂,1
是正品,1
隔离前,1
沾,1
法兰,1
隐藏,1
隐退了,1
法,1
泉州,1
泄过,1
泄洪了,1
路飞,1
被,1
隔山打牛,1
被打了,1
是最弱,1
治的了,1
被动,1
隔断,1
治本,1
治斑,1
治愈,1
是正,1
路由器,1
没面试,1
是生男孩,1
没震着,1
预埋石基,1
没过,1
雄性企鹅,1
雄狮,1
没输过,1
没输,1
雄迈,1
没躺,1
被淘汰,1
没跨区,1
被淹了,1
没还清,1
贝因美,1
没跌,1
雅培,1
没超过,1
跟团好,1
没超,1
雅多,1
贝克汉姆,1
没走步,1
没过的,1
雄,1
没限用,1
没释放,1
没限制,1
跨了,1
没限,1
跟读,1
齐,1
是男人,1
难学,1
被挖,1
被捉了,1
被消耗,1
没进过,1
没醒,1
没逮,1
难看,1
难种,1
难过,1
难进,1
雁南,1
鼻子长,1
没追过,1
法压壶,1
跳到第二志愿,1
流血好,1
是数字,1
活动,1
补脑,1
活不长,1
活,1
洱海,1
是国产,1
跳闸,1
险峻,1
洪亮,1
补课,1
陪同,1
隆重,1
洗眼液,1
随,1
补贴,1
洗澡再用,1
贡眉散茶,1
洗得掉,1
补铁,1
随便买,1
跳灾,1
活动 ,1
活得久,1
活性炭,1
补开,1
流经,1
除霜,1
流汗,1
补 ,1
流入,1
补偿,1
龙头寺,1
派发,1
是公立,1
补录,1
活泼,1
补打,1
活这,1
活跃,1
踏板,1
活着呢,1
是利,1
活着 ,1
补班,1
活火山,1
洋山,1
随妈妈,1
补锌,1
泡水,1
表弟,1
是开,1
是张皇失措,1
是快递,1
波兰厉害,1
波兰,1
泡沫,1
衰老,1
泡水好,1
随身wifi,1
波波,1
泛黄的好,1
衰老了,1
袁绍强,1
法门寺,1
法语好,1
法语,1
法术,1
随身冲,1
隐形拉手,1
波斯人厉害,1
随爸,1
洁面巾,1
泮托拉唑效果好,1
补阳,1
泰迪,1
泰州,1
随意,1
泰山玉,1
泰安方特,1
补阴,1
泰国燕窝好,1
泰国,1
是平年,1
泥丸,1
泪洒,1
补骨脂注射液,1
注重,1
注射,1
龙且,1
注册会计师,1
表前,1
注册,1
注会,1
晚一天,1
没保障,1
预定,1
高转低,1
板桥,1
板房,1
松离合,1
松点,1
月收入,1
松山,1
杰士邦003好,1
认证过,1
杯子,1
杨颖,1
板楼,1
赚了,1
月租,1
杨紫琼,1
杨文昊,1
高通晓龙,1
杨振宁,1
高通骁龙625,1
杨幂,1
认识 ,1
高自旋,1
板楼好,1
认路,1
林徽因,1
果胶铋,1
果琳,1
果断点,1
林黛玉,1
林青霞,1
林更新,1
林心如,1
赛轮收购金宇,1
赛尔维亚,1
林彪,1
板蓝根,1
林园设计,1
认证,1
林凤,1
林内采暖炉好,1
高职高专,1
林内,1
高腰,1
月报,1
极地海洋世界,1
来自于,1
来的那天,1
枪管长精度高,1
调生,1
资本主义国家,1
李元霸,1
李佳,1
权益证券,1
记提所得税,1
资本主义,1
魅族,1
魅族pro6好,1
记载文,1
魔攻,1
李宇春,1
杀毒,1
记过处分,1
讲师,1
杀好,1
魔皱,1
杀了,1
杀不了,1
魔鬼椒辣,1
讲究,1
李嘉诚,1
魂链,1
赔百分之多少,1
记得住,1
黑人,1
月经后,1
让带,1
赐教,1
月经快来了,1
让座,1
记,1
记不住,1
赌博,1
条,1
李小龙,1
杜蕾斯,1
杜兰特,1
李鸿章,1
李连杰高,1
李连杰,1
李白,1
魂八,1
记忆,1
李正元,1
枪崩了,1
枸杞岛,1
月薪,1
替补,1
更昔洛韦,1
树脂,1
树桩,1
高州市,1
赤霉素,1
高帮好,1
树叶,1
曹植,1
曾于子女过户费高,1
高德地图,1
栖霞区,1
最低8元,1
标轴,1
最低还款,1
计分,1
标致308,1
计划,1
计容,1
标志,1
赤豆,1
树脂的好,1
高山区,1
标,1
核桃,1
根部,1
根管治疗,1
高姿,1
核裂变,1
走出去,1
高密度,1
核聚变,1
核算,1
核磁共振,1
更强,1
校企,1
黑暗女王好,1
核显,1
核对,1
核定征收,1
株,1
校长,1
校官大,1
校园档,1
高层,1
最大,1
高性能,1
月抛,1
柔肤水,1
高盛,1
查得出,1
查封了,1
最高,1
高筋面粉,1
查 ,1
高考了,1
柞蚕丝,1
认主,1
黑大,1
查的严,1
高考前,1
染膏,1
染发,1
认亲,1
月子期间,1
月投,1
某一阶段,1
高职的,1
柏林,1
查房,1
查的出,1
柴犬,1
柯珞克,1
计算机,1
高档,1
订做,1
柳神,1
购买,1
赤峰,1
高淳,1
柳木,1
柳岩,1
高渐离,1
赢,1
高湾,1
柯尼塞格,1
柬埔寨穷,1
查重,1
查看,1
最小,1
贯通,1
最爱,1
最配,1
许家印,1
鱼味的好,1
超越卡,1
贴面,1
有涂层,1
有法收,1
语法,1
有法律效力,1
有氧运动,1
鸡蛋液,1
有桶,1
说过,1
鸡蛋黄,1
有权利 ,1
贵州,1
鸡西,1
鸡贵,1
黄豆好,1
读,1
贴进了,1
有新品,1
读ai,1
有优惠,1
有效期,1
该自己租房子,1
有球,1
读书郎,1
有线耳机,1
有酒的,1
有遗传,1
有过,1
贵阳,1
有辐射,1
有踢球,1
有责任,1
有要,1
有血流好,1
鳝鱼,1
鸡肝,1
该校的最低分数线,1
有票,1
有碘,1
黄豆浆,1
有瘾,1
贵的好,1
鸡汤,1
有用·,1
鸡精,1
调整,1
有放,1
鳕鱼,1
黄灯,1
有冲突,1
黄帝,1
有变化,1
课本大,1
有分,1
黄柠檬,1
贴甲片,1
有双休,1
有危害,1
黄牌,1
有冰晶好,1
黄牛角梳好,1
黄瓜,1
黄痰,1
贴壁布,1
调和油,1
黄皮,1
黄色预警,1
调价,1
调任了,1
黄吉林,1
黄芪精口服液,1
鹿胶好,1
有得治,1
有招的,1
有伤害,1
读名校,1
有报销项目,1
调工资,1
有报销,1
有性繁殖,1
麒麟,1
麦,1
麦粒肿,1
有吸管,1
读大专,1
有废水的好,1
黄蜜蜡,1
麻省理工厉害,1
读文,1
读高中好,1
课文,1
黄了,1
有坏处,1
有釉,1
有钱赚,1
设,1
末世,1
评估,1
本校,1
费力,1
本善,1
本分,1
本人,1
本专业,1
本,1
末次月经时间,1
评估价,1
费点,1
贴不一样的,1
鲁东大学,1
未逐,1
未来星,1
未完结,1
未婚妻,1
未婚,1
评分,1
未停工,1
本田思域,1
本科学院,1
鲁班,1
设权登记,1
设市了,1
机油脏了,1
机械迷城,1
机械设计与制造,1
机械表,1
鱼缸好,1
机械档好,1
机场南,1
机场,1
设计,1
黏人,1
机器人专业好,1
机器 ,1
鱼肉,1
鱼胶片好,1
资产,1
朱雀,1
鱿鱼,1
本金,1
本节,1
鲁滨逊,1
木质,1
贷方,1
朗境,1
鲜奶,1
朝下,1
鲜红,1
贴双眼皮贴,1
贷款利息高,1
鲤鱼,1
有下向上,1
朗迪好,1
朗迪,1
朔料,1
有 用,1
鲶鱼,1
服装设计,1
服务,1
有风险,1
有雨,1
有限制,1
鲸鲨,1
有限,1
话多,1
贴双眼皮,1
朝东,1
木瓜,1
木工,1
木楼梯,1
诈骗,1
词,1
木有,1
木旺,1
贷款好,1
有                      ,1
鲁迅,1
试讲,1
木小雅,1
鲍释贤,1
诗仙,1
诗句,1
期货期权,1
期货,1
期权,1
有 ·,1
朝鲜大,1
朝西,1
朝南好,1
高圆圆,1
根骨装备,1
格兰仕空调好,1
水桶腰,1
水溶性,1
水洗棉,1
饭后好,1
水洗,1
水泥楼梯,1
水波纹,1
普快,1
要的回,1
普洱茶,1
水果,1
普工,1
深窝,1
饮料,1
饱不洗头,1
水开了煮,1
要穿,1
水开,1
水床,1
普通专科专本科,1
普通住宅,1
水滴石穿,1
水漆,1
水分,1
水质问,1
晚生好,1
晚饭后,1
水银温度计准,1
水银体温计,1
水钠,1
超时空武器,1
水里游,1
水资源税,1
要用到,1
普及,1
水煮,1
谭宗明,1
普吉岛,1
普吉岛好,1
饭前喝,1
水解,1
水磨石,1
饭后喝,1
水疗,1
水煮蛋,1
水前,1
饵料,1
要洗,1
民营,1
超,1
要负责,1
气费,1
气虚,1
景象,1
气管,1
气泡,1
起诉,1
起皱,1
民族舞,1
氢弹,1
民办大学,1
谚语,1
首页,1
晴天,1
毫米,1
毛人凤,1
毕业,1
首饰,1
比速,1
氟防水好,1
氧,1
水冷好,1
谢晓峰,1
水冷,1
普通生好,1
水份,1
水乳,1
饺子,1
普通股,1
普通话,1
饿 ,1
氮酮,1
要等,1
黑狗,1
氨溴索口服液,1
超新星,1
要管,1
氨基酸,1
氧氟沙星,1
超市,1
超声孕周,1
首保前,1
氧化铁,1
水鱼,1
水龟,1
高压,1
要出,1
没事 ,1
晚上用,1
风油精,1
没了,1
风湿,1
风湿安泰片,1
没举办,1
要写,1
没下雨,1
要去,1
风寒感冒,1
没上过,1
没上映,1
要在,1
风采,1
飘,1
要害,1
沙岭子西,1
沙子里,1
沙子多,1
没交,1
风冷好,1
黑眼珠,1
超漩好,1
没入选,1
没停运,1
没停止,1
预警了,1
谷王,1
谷歌,1
晚上 ,1
领克,1
超细旦,1
领导,1
没人,1
没修,1
要停服,1
频繁,1
颜如玉好,1
贴壁纸,1
没保住,1
要关服,1
没侵占,1
没作废,1
要忌口,1
沙发,1
超标了,1
汝窑,1
汪汪叫,1
污染,1
江苏好,1
食肉,1
超梦,1
江苏大学,1
江浙,1
江南,1
要来,1
汉语言,1
要有,1
食草,1
汉武帝,1
汉,1
求导,1
餐前吃,1
账号一个,1
永恒黑,1
永定翠庭,1
晚点,1
汶山,1
食品添加剂,1
沙加,1
沈阳大,1
要承担,1
沉好,1
晚服,1
要拆,1
沈阳菁华医院,1
飞鹤,1
沈阳航天航空,1
食不果腹,1
沈阳理工好,1
沈阳北,1
汶川,1
要换,1
沁园,1
要排,1
汽车美容,1
汽车之家,1
汽油好,1
要是,1
食品专业,1
汽包压力,1
比过,1
要选,1
比赛过,1
走读,1
横的,1
走读好,1
横波,1
横杠,1
模拟,1
榉木贵,1
榉木,1
曲面,1
贬值,1
楼梯,1
橄榄油好,1
高三,1
楚辞,1
椰汁西米桃胶,1
椭圆机好,1
椭圆机,1
解辣,1
棕垫好,1
棕垫,1
棍棒,1
横线,1
橙子,1
棉,1
止不住的流,1
验的出,1
解约,1
暴食,1
骨头疼,1
骨折,1
骨盆,1
骨科,1
高 ,1
调解,1
解说,1
橡胶,1
走路好,1
高一点,1
欧辰,1
欧文,1
欢乐合家,1
次元行者,1
欠了,1
橱柜,1
黑板好,1
走网络,1
黑暗祭礼,1
香港大学,1
更完了,1
梁旭东,1
桥西富,1
档案,1
解除,1
桐油,1
桐树,1
框架好,1
解除了,1
桃胡,1
桃白白,1
梅根,1
桂林电子科技大学,1
桂林,1
更年期,1
桂味,1
格林童话,1
警钟常鸣,1
格力好,1
计,1
格列宁,1
梅村,1
梅花公路车,1
高中生,1
更好,1
检擦院,1
检察长,1
走罐,1
更名了,1
解锁,1
梳头发,1
高中的,1
高了,1
梭子蟹,1
高二,1
高加索,1
高估,1
梨涡,1
梦幻西游先出,1
解锁了,1
高兴,1
高分,1
梦境版,1
梅西强,1
梅西厉害,1
调高,1
止血药,1
验,1
暑假,1
母鸡好,1
母鸡,1
母貔貅,1
智能,1
马家卤鸡,1
晾衣架,1
马尔济斯,1
母猫,1
规则,1
母乳好,1
见效,1
母乳后,1
母乳,1
毁尸灭迹+,1
毁坏,1
毁,1
残忍,1
死面好,1
死面,1
死过,1
见红好,1
每个月,1
骁龙845,1
比利时强,1
晶体,1
起痘,1
比得上,1
见光尺寸,1
比小米mix2s好,1
比喻,1
起征点,1
见到了,1
马上出来,1
比利时国家足球队,1
每天,1
马克思,1
比不过,1
谈过,1
比m大,1
智商,1
比,1
马力,1
起小疙瘩,1
起到了,1
马歇尔,1
质量含水,1
死的,1
解散,1
解放重生,1
正的,1
正极,1
起义,1
正数,1
正手,1
正式工,1
正常的,1
正常。,1
骁龙,1
马王厉害,1
赶海,1
谈谈,1
骁龙660,1
正好,1
正在通话中,1
骁龙835,1
暴跌,1
谈笑风生,1
走顶好,1
暗管,1
驾校 ,1
正轨,1
正面,1
死亡时工资,1
黑灯,1
马蜂窝,1
死,1
歧视,1
解开,1
武汉科技大学,1
武汉同济,1
驱蚊灯,1
驾校,1
武松,1
武术,1
武人,1
暖胃,1
暗影狩猎者,1
起作用,1
步步高学习机好,1
步步高,1
步弓,1
水杨酸,1
耐晒,1
深蓝色,1
省委,1
种植好,1
能给,1
避孕药,1
种植,1
能转过去,1
种地,1
辟邪剑谱,1
能过,1
秋季,1
私立学校,1
那是“登机证明”，而且是“临时”的，并且是一次有效的！,1
私校,1
能进行,1
私换,1
私企好,1
邦德,1
邪乎,1
脆性材料,1
私人,1
脑力,1
离线,1
邮件,1
离开,1
辨别,1
能种,1
避孕棒,1
科目一,1
租车,1
辰,1
辩词,1
能看,1
秒到,1
秒下,1
遮,1
科鲁兹,1
科长大,1
辩论过,1
遮瑕,1
种牙好,1
科目2,1
能看到,1
避光,1
科大实验,1
科四,1
科二,1
辩论,1
科一难,1
种过,1
种皮,1
离家近的,1
邮寄,1
离婚过,1
脱皮,1
禁播了,1
禁了,1
脱叶,1
祸源,1
脱毛,1
祭,1
神话故事,1
神经内科,1
神态,1
神奇,1
脱贫,1
禁欲,1
郑渊洁,1
郦波,1
辞职了,1
神久夜,1
脸小,1
部分,1
脸红好,1
神,1
祝贺,1
腊梅,1
禁枪,1
脚跟,1
邮局,1
邵东振华,1
脑子,1
脑梗,1
脑袋大,1
脚尖,1
邯郸,1
福睿斯,1
福田中学,1
福特,1
福彩,1
福建,1
福州属于福建,1
郑大一附院,1
福利彩票,1
福利,1
福  ,1
禁酒,1
邹韬奋,1
禁行了,1
脚热,1
禁用,1
辞藻,1
禁止了,1
积水了,1
称了,1
边户好,1
竖的,1
竣工前,1
通缉了,1
竞足,1
通话版,1
能听,1
竞走,1
竞彩,1
站起来了,1
迅达,1
通风,1
竖条纹,1
通用流量,1
竖,1
能坐,1
能好,1
立春,1
能少喝,1
立刻报,1
速派,1
达到,1
立信会计,1
立,1
童年,1
童装,1
达丰,1
笛子,1
第一学历,1
第一声,1
能充,1
通天教主,1
能冻,1
第一作者,1
笨蛋,1
笨,1
能刷,1
笛子好,1
能动,1
通用了,1
能医好,1
通牒,1
笔答,1
竹炭纤维,1
竹席好,1
通玩,1
竹席,1
竹制,1
端游,1
能发胖,1
突尼斯,1
速热半胆,1
移出,1
能根治,1
遇到过,1
稻荷,1
能收,1
能改,1
稳固,1
能放,1
道士,1
道德的沦丧,1
能有,1
稠的,1
稍大点,1
空客320,1
稀释,1
能治疗,1
能洗,1
稀,1
移除了,1
移门,1
移植前吃,1
移动空调,1
移动号,1
遥控,1
空中交管,1
逾期,1
能带,1
空调扇,1
穿袜子,1
穿山甲,1
穿刺,1
能开高帧,1
辽渔,1
穿 ,1
造价员,1
边牧,1
空间,1
空载,1
空调好,1
空格,1
空调一级,1
能接,1
空腹好,1
空腹吃,1
造影,1
空缺,1
空气能,1
空气净化器好,1
能携号,1
空气,1
腋下,1
部署,1
祛痱止痒,1
真的可以,1
眼膜,1
眼睛用水汪汪,1
真题,1
真送,1
真起,1
都要重新,1
都赔,1
真空罐,1
真石漆好,1
辉煌过,1
真的会,1
眼镜店,1
真的、赚钱,1
都避孕,1
都隆,1
都首保,1
自己买,1
真核,1
真有,1
真打,1
自己做,1
真傻,1
自学,1
眼镜蛇,1
真会,1
知识积累,1
自动模式,1
短波,1
短效,1
自动白,1
短发好看,1
都查,1
短发,1
都睡觉,1
知道 ,1
都紧,1
矛,1
着地,1
都给,1
睿聘cc,1
睡笼子,1
睡着了喂,1
睡眠,1
睡枕头好,1
睡了,1
自动续,1
都能做,1
着床了,1
自己做饭,1
真事改编,1
短袖,1
酸奶好,1
酒,1
酒精,1
自然色,1
自然解冻,1
自然醒好,1
酒驾,1
酥性,1
自然风,1
自由,1
酷狗,1
酸性土,1
辅佐,1
眉粉,1
省长大,1
省长,1
自由投档,1
省道,1
省立,1
酸性土壤,1
酸枣仁好,1
省委副书记大,1
省委书记,1
看了,1
配戴,1
真了,1
鄂尔多斯草原好,1
自己吃,1
自己装,1
看额定容量,1
看重,1
看视频,1
看见沙发好,1
看脸,1
看的好,1
自己解,1
看病,1
看得好,1
配合,1
辅食机,1
酆都大帝,1
自慰,1
看得出来,1
看得出,1
看得了,1
看得,1
自来也,1
配  ,1
辅助,1
短管,1
短途,1
部署了,1
膀胱经,1
碳素,1
碱性食物好,1
碱性好,1
碱性土,1
都不在,1
腾讯会员,1
碧桂园,1
碘伏好,1
碘伏 ,1
都交,1
碎了,1
碳酸,1
膏状,1
确诊,1
确权,1
确有,1
确定,1
臂包,1
硬轨,1
硬盘好,1
硬盘上,1
硬盘,1
腾讯,1
碳酸氢钠,1
硬水,1
社保,1
腮腺炎,1
郭台铭,1
郭嘉,1
都=需要,1
祖母绿,1
都一样,1
祖儿,1
社招,1
都不,1
社保卡,1
腹灵g90,1
腻,1
腹肌轮,1
社会,1
礼器,1
腹胀,1
磨砂,1
磨的,1
磨倒角,1
磨,1
腺癌,1
碳酸钠,1
都停,1
臂式,1
自动档,1
石河子大学,1
研究所,1
都导,1
研究,1
矿物质水,1
石英石,1
石灰,1
石油好,1
自动挡好,1
都很优秀,1
都很宠,1
石榴石,1
研究背景,1
石材,1
石家庄清美培训,1
石家庄,1
石墨烯,1
石墨,1
都得,1
矮盆,1
矮枕头,1
矮枕,1
都打,1
自动停,1
砖墙,1
都出来了,1
硫磺顶,1
硬屏,1
硬好,1
硬壳,1
自主招生,1
硬件,1
都去,1
硫酸铜,1
硫酸钾,1
硫酸氨基葡萄糖胶囊好,1
硫酸,1
硝酸,1
破产,1
自体脂肪填充,1
硅酸钠,1
硅胶,1
硅,1
破败,1
都大,1
破解,1
破壁机,1
辖过,1
自制玩具好,1
第一职业中专,1
第一胎,1
第三人称,1
续订了,1
维生素E,1
维持秩序,1
维护,1
维修,1
远光,1
远光灯,1
维a,1
肘关节为轴,1
绳武楼,1
远古套好,1
肛泰,1
维生素c,1
继位,1
绥化,1
绣眉,1
统筹的钱,1
违,1
违法了,1
运动版,1
肝,1
统招,1
肠道,1
维生素ad滴剂,1
维生素d滴剂,1
肠镜,1
肌肉,1
进门看,1
肇庆医,1
缩脚,1
运营,1
编制,1
缓刑,1
绿茶好,1
绿茵如海,1
绿羽,1
肉体,1
绿眼好,1
绵羊,1
绿的,1
肌肉注射,1
绿a,1
绿,1
远传压力表,1
综合素质一样,1
综合医院,1
肖杰,1
绵阳外国语,1
绵阳,1
绝艺,1
绝缘,1
进门,1
迈腾2.0t,1
经济学院,1
经济制度,1
经济中心,1
经期,1
经摔,1
连体,1
经历,1
连善,1
经前,1
经侦,1
连带,1
经理,1
经不住,1
肾小球,1
终止,1
织物好,1
细菌感染导致的炎症,1
连带保证,1
细的,1
细,1
连着,1
组团,1
经济师,1
连任了,1
绝版,1
肤色,1
违法行为,1
绝后了,1
给退,1
给装,1
给拿药,1
给报,1
股市,1
结过婚,1
股长,1
结节影,1
结束了 ,1
肺炎,1
违纪,1
运动后吃饭,1
肩膀痛,1
肯,1
肯定,1
育人,1
连任,1
结业,1
运动会,1
绒面吸油纸,1
运货,1
缺水,1
连续使用,1
美轮美奂,1
耗油厉害,1
耗费,1
翘舌音,1
翘舌,1
翘,1
耳塞,1
羽毛球,1
群体行动,1
耳机,1
美金,1
美赞臣甜,1
老婆,1
美赞臣,1
美的电磁炉,1
聋子,1
美白针,1
职业医师证,1
美满梅毒大,1
美旅,1
返场,1
美式,1
美容针,1
老凤祥,1
老子,1
美孚速霸,1
考会计好,1
耐摔,1
耐水腻子,1
耐克,1
耐油,1
耐火,1
还没有,1
耐热,1
考研英语,1
还给了,1
考公务员,1
考不了,1
还行,1
耐电 ,1
老鸽子,1
老面馒头,1
耐高温,1
老种,1
返还型,1
老的好,1
老水,1
老抽,1
老师好,1
美宝莲,1
美孚,1
聚财,1
联通 ,1
近心端,1
近光灯,1
近光,1
罗威纳犬,1
运镖,1
进场,1
进得,1
进水,1
进编,1
网购,1
网课,1
进口过,1
聚变,1
网格铜,1
网校学,1
聚氨酯,1
网易音乐,1
进行了,1
网易云,1
网播,1
网审,1
网上存,1
进囗,1
近战,1
职业学校,1
联想z5,1
联,1
美国人贫富差距大,1
进入,1
美团外卖,1
美卓乐,1
美利达,1
美军,1
联想,1
美丽,1
进入了,1
羊蹄,1
置于,1
羊腿,1
羊腰,1
羊肉,1
羊湖,1
羊奶补钙,1
羊奶浴,1
近战骑,1
进决赛了,1
置换划算,1
置换,1
练腹肌,1
线长,1
第二代,1
逆风好,1
粉毒,1
粉末,1
逆转,1
胫骨骨折,1
过得去,1
粉刷,1
类比论证,1
类,1
米饭高,1
胳膊,1
过得了,1
粉饼,1
胶囊,1
胸外科,1
米醋,1
米线,1
米粥,1
选暗,1
胸肌,1
米其林,1
籍贯,1
簋街仔仔,1
粉百合香,1
粗的,1
胸胀,1
精神,1
糖水,1
送货上门,1
糖原,1
送走,1
胡大,1
糖丸,1
糖,1
糊状,1
精通,1
精诚所至，金石为开,1
精油,1
粘得住,1
精彩,1
精华液,1
精华好,1
精华,1
精准,1
粘连,1
粘毛,1
适按,1
适配,1
逃走了,1
篮球鞋,1
胸膜,1
胚胎,1
签了,1
能上,1
过世了,1
逗号,1
箍筋,1
简欧风格,1
通 ,1
能交,1
签证,1
签收,1
签合同,1
迅鹰,1
过了,1
筱麦,1
筒灯,1
能保留,1
等式,1
等大,1
等同,1
等于 ,1
通勤,1
等iphone11,1
第二针,1
算刷卡,1
途观好,1
选送,1
管得了,1
过当了,1
逍遥丸,1
箱子,1
箭牌,1
过去式,1
管道,1
管用 ,1
过去了,1
管理费,1
管理,1
途昂,1
算多,1
过关,1
能 不会,1
途观1,1
算超速,1
算机二级,1
能b,1
算数,1
能。,1
算得上,1
算大,1
糯米,1
糯米滋,1
线的问题,1
红肉,1
迟到过,1
红铜,1
红醋好,1
红醋,1
红酒,1
胀气,1
迪巧,1
迷你世界是,1
红花椒,1
胃出血胃痛,1
红绳,1
纬线,1
迷你卡,1
红细胞,1
红米note5,1
红米5,1
过高,1
红石榴,1
红眼,1
红白格子,1
红火,1
红桥区,1
纪念,1
纯,1
红岩人物,1
纸尿裤,1
线刷,1
线上,1
线,1
纽约,1
连续健身,1
肾脏科,1
连贯,1
纺车轮,1
纹绣,1
纸质读书好,1
纶巾,1
纯保障,1
纳税,1
连长,1
迟,1
纯汽油,1
肾虚,1
纯奶,1
纯固态,1
纯利润,1
肿,1
纯净好,1
红心,1
追封,1
胖人,1
过期,1
背着书包上学去,1
紧凑型车大,1
背负式,1
紧凑型车,1
紧凑型,1
过油,1
胎菊,1
索额图,1
索隆,1
索纳塔,1
昕锐,1
紫光檀,1
退票,1
索拉非尼,1
索康尼freedom好,1
送桩,1
索尼好,1
送礼物,1
素颜是,1
过户,1
素颜,1
糯高粱,1
紧缩,1
紫外线,1
胃溃疡重,1
絮状沉淀,1
红宝石,1
胃镜,1
过的了,1
过滤的了,1
胆舒好,1
红博驾校,1
追求,1
过滤掉,1
追责,1
退伍了,1
累加,1
退团了,1
背,1
背包,1
背单词,1
退回,1
紫霞,1
紫铜壶好,1
紫铜,1
紫薯好,1
紫薯,1
紫色,1
自私,1
省外,1
混上,1
酸甜都有,1
父母的陪伴,1
菠萝,1
镜子,1
镜框,1
爱马仕,1
爱玛,1
爱海藻,1
爱我的,1
爱尔,1
爱你,1
爱他美白金,1
爱他美好,1
萎缩了,1
转会,1
营业了,1
爱人,1
爱上了,1
镜面好,1
营养,1
爬行一,1
爬山,1
爆炸起火,1
爆炸,1
镇江,1
父系,1
菜油,1
牛皮,1
物化,1
物业负责,1
莫扎特厉害,1
物,1
转动,1
莫斯科,1
键鼠,1
牡蛎,1
获得,1
获批,1
牛津,1
镇惊丸,1
牛油,1
牛尾,1
获救了,1
镀晶,1
镇,1
牛初乳粉,1
镇上,1
菜园坝,1
镇压了,1
镇妖剑厉害,1
爆发力,1
燕窝好,1
营养过剩,1
熄火,1
熟土豆美容,1
熟喝,1
熟吃好,1
长寿,1
长开,1
长得高,1
长情,1
熏,1
熊猫基地,1
熊,1
煮苹果水,1
落地签,1
落实,1
煮粥,1
长效避孕药,1
车管所,1
煮的,1
煮熟,1
煮之前,1
长春,1
长春站,1
长期,1
车重好,1
长安逸动,1
长不了,1
熬煮后,1
燃脂,1
燃烧冰好,1
营销,1
燃烧,1
燃气阀,1
营销部好,1
萨克斯,1
燃料油,1
长不住,1
萨摩,1
长发公主,1
落地,1
熬不过去,1
长城,1
熬,1
轨底大,1
熟铁锅好,1
熟铁锅,1
熟铁,1
长大了,1
长安,1
熟肉,1
键能越高越稳定,1
物品,1
错的,1
荣放,1
玉米粒,1
玉米油,1
玉米好,1
玉米兔耕播种,1
银饰,1
玉竹,1
玉柴,1
铸造,1
玉帝,1
玉屏风口服液,1
猫科动物,1
玉饰,1
猫科,1
猪队友可怕,1
猪皮,1
荣耀10好,1
荣耀9,1
转子通电,1
猞猁,1
猛,1
猕猴桃,1
猎豹q6,1
玉贞,1
荣成,1
狼王黄岩,1
荞麦壳,1
现场,1
现在的人,1
现在单位,1
现代,1
荒古太刀,1
环保局,1
银行面签,1
玩不了,1
荔枝,1
玩109,1
银角大王,1
银边,1
玛瑙石,1
玛瑙,1
王者荣耀,1
转弯让直行,1
王爷大,1
王权,1
荣事达,1
王岐山,1
王健林,1
荣威,1
猎人,1
狼狗,1
药物流产,1
锁舞,1
狐狸,1
犯过,1
药水,1
犯规,1
链条,1
药水点斑好,1
链条机,1
销售方,1
锁,1
药治,1
锂聚合物电芯,1
药材,1
特警,1
特殊装备,1
特斯拉,1
特攻,1
特工,1
特岗,1
特别版,1
物致于此,1
物理性质,1
物理变化,1
铺的,1
药明康德,1
荣耀V10,1
荣耀paly,1
狮子狗,1
狮子座,1
狮子,1
独立本科段,1
铸铁,1
独立攻击,1
独立控温好,1
独立好,1
铸铁锅,1
独立包装,1
转基因,1
药店,1
独当一面,1
转动的,1
铸铁锅好,1
独居,1
独孤九剑,1
独唱,1
狠,1
荣耀v9,1
荤,1
狗熊,1
照顾,1
长杆,1
照镜子,1
滴剂,1
演的,1
演,1
漏过,1
还是,1
漆黑,1
防冻液,1
薄的好,1
滴滴快车,1
身心健康,1
防制,1
滥情,1
阜阳,1
身份证,1
满,1
薄衣服,1
滑板,1
滑动摩擦力,1
滋阴,1
滋生,1
溶解,1
溶脂针,1
防御,1
演讲者,1
漫威,1
薯类,1
闹婚,1
蔡徐坤,1
间接,1
火箭,1
火爆,1
火命,1
间接税,1
火化,1
间断性,1
闹,1
闹了,1
濮东,1
漯河医专,1
闹鬼,1
澳门,1
车上,1
澳洲,1
澳大利亚,1
阅兵,1
阜新,1
潮7000,1
蔬菜 ,1
潜规则过,1
薇诺亚,1
溴水反应,1
火车,1
清华,1
清真,1
清热解毒,1
清热,1
虞姬,1
踮,1
虹吸式,1
防滑,1
清晰,1
清大肠,1
防潮,1
添衣,1
清空,1
淹了,1
虹视,1
混血人,1
混血,1
防盗,1
混的好,1
混搭好,1
混合,1
混动,1
混养,1
虚无法杖高,1
清除了,1
湿疹,1
渴,1
湛江市大,1
湘西,1
藏獒,1
湖羊,1
藤,1
游泳减肥,1
防晒霜先,1
防止,1
游戏改电影,1
游侠,1
藤席面,1
虚与委蛇,1
温热型,1
蹴鞠,1
温带海洋,1
温州医科大学,1
温,1
防水涂料,1
渡过难关,1
渗血,1
渗油,1
渔网,1
火葬,1
火车快,1
煤气贵,1
长袖,1
长沙医学院,1
热敷好,1
长线,1
葬在了一个墓园,1
长胎,1
葵花籽仁·,1
热手巾,1
长虹,1
热开水好,1
热喝好,1
车厘子,1
热水 ,1
烫面好,1
烫嘴,1
蒙牛大,1
门市房,1
闪存,1
蒜头,1
烧心,1
闪现,1
烧以后,1
烧不断,1
长沙,1
长江中下游,1
闪送,1
葡萄,1
煤气,1
煤改电,1
煎饼,1
落汤鸡,1
焊接,1
长杆好,1
热风烤,1
热风,1
落过,1
长款,1
热量表,1
热水下锅,1
热衷,1
车外,1
葡萄糖酸钙,1
热菜好,1
热胀冷缩,1
热线,1
热的地方,1
长江,1
董事,1
热水澡,1
车内,1
蒸熟的,1
火车站,1
灵芝,1
蓝光,1
蓝光好,1
炒熟,1
炒一下,1
蓝宝石,1
炉甘石洗剂,1
灵魂猎者,1
闭音节,1
灵芝菌丝粉,1
灵芝孢子粉,1
蓝鲸,1
炒着,1
蓬松,1
灵力,1
灵,1
灰色,1
灭霸,1
蔡府,1
灭绝,1
灭火,1
问题不大,1
灭族了,1
炒用,1
炒菜,1
烤箱,1
烛龙,1
烤瓷牙,1
烤烟,1
烤架上,1
烤,1
烟台山,1
闭合了,1
蒸馏水,1
烟台,1
烟,1
闭眼,1
烂运,1
炒面,1
烂尾,1
烂,1
点评过,1
点球,1
点火艾灸好,1
蓝,1
点测,1
点,1
炖汤,1
炕,1
现场照,1
银行卡手机号,1
银行卡,1
白墙,1
白底,1
白带常规,1
白带,1
白居易,1
白富美,1
白天上,1
芡实,1
芥花籽油,1
金子,1
芬琳漆,1
金属机身,1
金太阳,1
白兰地,1
金属漆,1
芭蕾,1
白人,1
白云生处,1
金山中学,1
金山毒霸,1
芯片卡,1
金币,1
登机,1
软件测试,1
白户好,1
登录了,1
白的了,1
白蛋白,1
白莲子,1
金华,1
艾顿,1
白糖罂,1
节油,1
白糖,1
白管,1
软包,1
白种人,1
节电,1
白斌,1
金圭内胆,1
白炭黑,1
金士顿,1
白浅高,1
节育好,1
芙拉,1
芝麻黑,1
白橡木贵,1
白橡木,1
白木,1
花bb,1
癔症,1
白酒,1
留钱养老,1
金秀儿,1
疝气大灯,1
金红石,1
疙瘩汤,1
疑似发烧,1
金英杰,1
番者叶,1
番禺客运站,1
苏州市中医院,1
苏州话,1
留钱,1
疝气灯,1
留过,1
苏打,1
留着,1
留校,1
金融,1
畅销,1
金融专业,1
金装皇冠,1
金角,1
画画重要,1
金牛,1
疲惫,1
瘦腿霜,1
痒痒,1
花呗分期利率高,1
瘦瘦包,1
金店,1
金昌,1
金标,1
花棒,1
痴情,1
金毛好,1
金水宝胶囊,1
苄基正碳离子,1
金沙滩,1
苏州大学,1
痉挛,1
金沙秃参,1
病毒性发烧,1
苏亚雷斯,1
病毒,1
苏南,1
金泰熙,1
病假,1
金泽赛维,1
苏宁,1
白蛋白贵,1
金匮肾气丸,1
男蛇,1
直接放,1
直根,1
直接领,1
臻享白金卡高,1
直接贴,1
舌下,1
直接用奶瓶喝,1
舍财免灾,1
直接用,1
直接涂,1
直接故意,1
直接回生源地,1
采购,1
直接回城块,1
轻微伤,1
直接冻结,1
释放,1
释魂,1
直径,1
舞蹈,1
直吸,1
直升,1
重口味心理学,1
释怀,1
直筒,1
轻度,1
自考本科,1
省医保,1
省力杠杆,1
省力,1
酸的,1
自考,1
自考学校,1
醋,1
盾总数,1
轻钢房,1
醒,1
相形见绌,1
直营店,1
醒着,1
醒肤水,1
自驾游,1
采光,1
轻轨,1
相反,1
采得完,1
臭烘烘,1
采用,1
直通车,1
重复,1
目录,1
软卧,1
百里玄策,1
艾叶,1
皮实,1
艾弗森,1
软竿,1
艾滋,1
皇帝,1
皇家马德里,1
皇家,1
皇冠舒适,1
百雀羚,1
重音,1
重疾险,1
百得,1
野马,1
百度,1
艾滋病,1
金刚釉,1
百分比,1
白马,1
软的好,1
艾灸盒,1
白金贵,1
重考,1
艺格云木门,1
盛夏,1
监狱苦,1
盛京医院,1
盘移动,1
盖被子捂汗,1
盖章,1
盖着熬,1
盖多,1
重巡,1
重庆,1
监管,1
监理单位,1
监控,1
艺术院校,1
监察委,1
盐酸,1
重庆大,1
重点,1
盐中,1
重点班,1
良品铺子,1
益民药店,1
轻了,1
盈余公积,1
画施工图,1
金轮国师,1
现实主义,1
苹果手机处理器,1
生儿子,1
生产日期,1
生产之前,1
铂金990,1
铂金项链,1
铅皮,1
甜茶,1
铅酸电池,1
甜的,1
铜版纸,1
铜管好,1
苹果8好,1
甘露醇,1
甘肃大,1
甘肃,1
范冰冰,1
甘油果,1
甄子丹,1
瓷砖胶粘剂好,1
瓷砖胶粘剂,1
瓷砖胶好,1
铝合金好,1
铁锅,1
转移,1
范思哲,1
苹果6,1
转过来,1
生玉米,1
生物科学师范,1
生物,1
英镑,1
生根,1
英音,1
生核桃,1
钻石好,1
钼靶,1
生宣,1
生吃好,1
铁,1
苹果7p,1
铁三角耳机,1
生子,1
铁素体不锈钢,1
生姜,1
生土豆,1
生喝,1
铁路乘务,1
苹果7plus,1
铝导电,1
范斯,1
生病了,1
银联,1
理发店,1
琅琊榜,1
琅琅,1
荆门市,1
球,1
班禅,1
珠海,1
草书,1
珠宝店,1
珠三角,1
珍珠生活,1
转播,1
玻璃胶,1
银色,1
玻璃桥,1
玻尿酸可以填充在脖子上,1
草鱼好吃,1
玻尿酸,1
草龟,1
玻化砖,1
现购,1
现房,1
理工,1
理疗,1
瓶装,1
茶π,1
瑞银信,1
瑞虎5,1
瑞士强,1
瑞士厉害,1
铝板,1
瑞和宝,1
瑞典强,1
瑞典国家足球队,1
铝的,1
铵根,1
琉璃瓦,1
银环蛇,1
银,1
理财通,1
理财保险,1
理财产品好,1
理财,1
银手镯,1
银河系,1
转盘,1
茶园好,1
理论,1
英超,1
钻戒,1
男生,1
苦荞麦枕头好,1
金骏眉,1
电流环,1
电梯楼,1
电扇,1
电影,1
电工,1
电子管逆变器,1
金龙鱼,1
鉴定,1
电子科技大学,1
苯,1
电灼,1
电子科技与技术,1
电子漂好,1
电子承兑,1
鉴定了,1
英国短毛猫,1
针剂,1
针对,1
电动车好,1
针灸,1
针灸减肥,1
电源,1
电热水器,1
钓2灵,1
金镶玉竹,1
金重,1
男气功,1
金钟国,1
男性,1
金银花,1
苏打粉,1
男名,1
金银花蜂蜜好,1
苏炳添,1
金锅,1
电话号码,1
电热阻,1
电视剧,1
金霉素,1
电脑管家好,1
苏眉鱼,1
电脑版好,1
软中华,1
电脑版,1
金领冠,1
苏麻,1
电磁波,1
钒铬钢,1
电动的,1
钳,1
用不完,1
钢化玻璃,1
用得起,1
钢化玻璃好,1
用得上,1
用吃,1
钢带,1
用做,1
轮回眼厉害,1
钢手战熊,1
钢琴好学,1
钢笔,1
用水,1
用on,1
用1080,1
英语更酷,1
生蚝,1
生茶好,1
钢苑,1
生精,1
英语辅导班,1
钢铁侠,1
生的了,1
用手拍 ,1
用的时候开,1
钓得到,1
申请,1
电动机,1
电动,1
英式英语,1
电刀,1
电击,1
钓深,1
电信号,1
钕磁铁,1
钙化,1
申通,1
负一大,1
英语一,1
甲醛,1
英格兰厉害,1
英格兰队,1
甲减,1
钝角,1
钠,1
甲亢,1
田家炳,1
钢,1
用补,1
申报,1
   要,1
易碎,1
东莞站,1
东房,1
东方明珠,1
东楼,1
东端头,1
东职好,1
东莞,1
东近,1
丑 ,1
东面,1
东风本田,1
丝光棉,1
丝袜,1
丞相,1
丢失,1
东德,1
东奥,1
东城区,1
东南大学,1
东南,1
东丽区,1
丙肝,1
世界杯,1
专科院校,1
专科英语,1
专硕好,1
专用,1
专排,1
专家号,1
专卖店,1
专业重要,1
专业版,1
两个地面及,1
两个风扇,1
两人座,1
个人所得税,1
中压,1
中医院,1
中医药大学,1
中医治疗,1
中分,1
中兴,1
中公,1
中介,1
中了,1
中东,1
中专,1
个性化服务重要,1
个体,1
个人热点,1
个人,1
两代,1
严重 ,1
严肃,1
严密性,1
两驱省油,1
两驱,1
两轮摩托,1
两芯,1
两片,1
两格,1
两条线,1
两小时开一次,1
两圈半,1
两卫,1
两侧,1
专业化,1
丑,1
中国银行卡,1
不闹,1
不长期,1
不长肉,1
不长虫,1
不长高,1
不闰,1
不闲,1
不防晒,1
不齐全,1
不防潮,1
不防爆,1
不防雨,1
不阻燃,1
不附着,1
不降分,1
不长按,1
不长寿,1
不长了,1
不长个,1
不锈钢阀,1
不锈钢好,1
不销售,1
不针对,1
不重视,1
不重置,1
不重男轻女,1
不酸疼,1
不酸,1
不都需要,1
不都长,1
不都紧,1
不都用,1
不降火,1
不限定,1
不限牌,1
不顺产,1
不齐,1
不鼓励,1
不黄标,1
不黄,1
不麻,1
不麦,1
不高考,1
不高冷,1
不高于,1
不驱虫,1
不马上,1
不频繁,1
不预防,1
不须,1
不顶用,1
不除,1
不顶格,1
不面向,1
不靠近,1
不靠谱 ,1
不靠墙,1
不露,1
不需本人,1
不雅,1
不难过,1
不难学,1
不隔音,1
不隔热,1
不随动,1
不陪,1
中国的,1
中天门,1
不都得泡,1
二实验,1
二丁,1
二丁颗粒,1
二中,1
二十中,1
二婚,1
二婚女,1
二手,1
买套装,1
二手房好,1
二手的,1
二手装修好的,1
二期,1
二本好,1
二档,1
事物,1
事后,1
事件,1
事业单位,1
事,1
争破,1
乳铁蛋白,1
乳状,1
乳,1
买过,1
买车,1
买涨,1
买时候,1
买方,1
买新的,1
买房好,1
买得到,1
二甲,1
二甲基苯,1
二级好,1
五老峰,1
交于,1
亡了,1
亚龙湾好,1
亚马逊,1
亚马孙热带雨林,1
亚硫酸根,1
亚朵,1
亚振,1
亚力克门,1
亚军,1
亘古不变,1
井冈山大学好,1
五菱好,1
五菱,1
五月份,1
二级市场,1
五年,1
五妙水仙膏,1
五号,1
五分之四大,1
五中,1
互补,1
云阳中学,1
云淡风轻,1
云南白药,1
亏损过,1
亏损,1
亏了,1
二郎神,1
二级教师,1
买小一码,1
买大,1
中央型肺癌,1
串串香,1
中餐,1
丰,1
丰华卫浴好,1
丰城人民医院,1
丰满,1
丰田汉兰达,1
串联,1
买书,1
临床,1
临摹,1
临海,1
丹参,1
丹麦,1
丹麦厉害,1
中阮,1
中间好,1
中部,1
中过,1
中蜂好,1
中考,1
中级职称高,1
中筋,1
中等花卉,1
中石化,1
中焦,1
中欧,1
中断,1
中文,1
中捷,1
中心医院,1
中川,1
主任,1
主材,1
主板,1
九天玄尊,1
买主机,1
买不起,1
买不到,1
书架发货,1
也有,1
也提现,1
也以,1
九阴真经,1
九阳skg,1
九阳,1
九牧,1
九江,1
九根藤,1
九州方圆,1
九分,1
主梁,1
乘法,1
乐敦,1
乌鸡,1
乌镇,1
乌拉瓦,1
之后刷,1
之后,1
之前,1
举行过,1
举办过,1
举办,1
主队,1
主筋,1
主硬盘 ,1
不都支持,1
不都属于,1
交流电,1
不直播了,1
不疼了再练,1
不疼痛,1
不瘦,1
不登录,1
不白读,1
不盖,1
不相似,1
不熟,1
不相信,1
不相容,1
不相当,1
不相溶,1
不相生,1
不相邻,1
不留级,1
不由,1
不用都去,1
不用跟,1
不用管,1
不用换,1
不用完,1
不用伏,1
不用 ,1
不生精,1
不生效,1
不生成,1
不理智,1
不现实,1
不犯困,1
不物质,1
不爱吃,1
不省心,1
不看诊,1
不真有,1
不突出,1
不绑,1
不经常,1
不纯正,1
不纯,1
不累积,1
不粘锅,1
不粘灰,1
不粘,1
不粗,1
不算高,1
不算短,1
不算厚,1
不笔试,1
不立刻,1
不穿好,1
不着床,1
不稀薄,1
不稀有,1
不种地,1
不离婚,1
不禁带,1
不磨脚,1
不碎,1
不破坏,1
不研究,1
不矮 ,1
不短接,1
不知道 ,1
不瞌睡,1
不睡觉,1
不爆,1
不焯水,1
不结束,1
不正经,1
不歇,1
不止,1
不止痒,1
不止痛,1
不正式,1
不正确 ,1
不毁,1
不热门,1
不每天,1
不毛糙,1
不治 ,1
不治病,1
不洗好,1
不活动,1
不枯燥,1
不极端,1
不松,1
不杀精,1
不机算,1
不服,1
不有限,1
不有效,1
不更快,1
不暗,1
不普遍,1
不普通,1
不晕,1
不晃,1
不显著,1
不显瘦,1
不显大,1
不派,1
不派单,1
不派送,1
不温顺,1
不烫,1
不烧钱,1
不灵,1
不灭,1
不潮湿,1
不漫游,1
不演,1
不漏电,1
不漂好,1
不溶于水,1
不溶于,1
不溯及,1
不溜车,1
不湿润,1
不温柔,1
不流经,1
不温暖湿润,1
不清空,1
不清洗,1
不清晰,1
不混加,1
不淖水,1
不涉黄,1
不涉嫌,1
不涉及,1
不消肿,1
不消磁,1
不消失,1
不测,1
不流通,1
不结,1
不结果,1
不都填,1
不赔付,1
不负责任,1
不败,1
不贴膜,1
不贴膜好,1
不费气,1
不费流量,1
不赚钱,1
不要吃,1
不走保险,1
不赶趟,1
不超,1
不越大,1
不足够,1
不跟着,1
不调理,1
不诱发,1
不该用,1
不该 ,1
不识,1
不评,1
不设置,1
不设,1
不记入,1
不让带,1
不认路,1
不认同,1
不计面积,1
不计费,1
不计息,1
不解酒,1
不要用,1
不跳,1
不躁热,1
不转基因,1
不连用,1
不都喜欢,1
不都具有,1
不都做,1
不都优惠,1
不都买,1
不避孕,1
不遮阳,1
不遮瑕,1
不通风,1
不通电,1
不通婚,1
不途径,1
不适,1
不追究,1
不连带,1
不转播,1
不违法 ,1
不返,1
不运,1
不过量,1
不过敏,1
不过分,1
不过关,1
不过,1
不辨别,1
不辟邪,1
不辛苦,1
不辐射,1
不轻快,1
不轻声,1
不要坐牢,1
不要办,1
不给带,1
不胖人,1
不聚,1
不聪敏,1
不肉,1
不肛检,1
不肯定,1
不肿,1
不能               ,1
不要信,1
不能2,1
不能n,1
不能·,1
不能。,1
不能买,1
不能判断,1
不联网,1
不联,1
不耐穿,1
不耐磨,1
不耐寒,1
不考虑,1
不老土,1
不老,1
不美白,1
不美满,1
不美,1
不缺钙,1
不缺少,1
不缴费,1
不缓刑,1
不继续,1
不给退,1
不能动,1
不能卖,1
不能取,1
不致病,1
不要介意,1
不要交,1
不要。,1
不要·,1
不要  ,1
不衰败,1
不行 ,1
不虚荣,1
不薄,1
不落后,1
不落叶,1
不落,1
不节电,1
不舒适,1
不致畸,1
不能和解,1
不臭好,1
不自私,1
不自动升级,1
不能长期服用,1
不能过,1
不能说明,1
不能解,1
不能祛,1
不能治愈,1
不能治,1
不能放,1
不能打,1
不能好,1
不能够,1
交办,1
交火,1
出问题了,1
公寓,1
公务行为,1
公司专员,1
公司出钱,1
公大鳄,1
公安,1
公安厅长,1
公布,1
全棉好,1
公有,1
公正,1
公民大,1
公爵,1
公牛,1
公狗,1
公办初中,1
八韵草,1
八神庵厉害,1
八月淡,1
八寸好,1
八四消毒液,1
全麻,1
全麦面包,1
全飞秒,1
全额付款,1
全面,1
全血,1
全脂奶粉,1
全网通,1
全秒,1
全科,1
全皮,1
公的好,1
公益性社团法人,1
公示,1
六瓣好,1
关东,1
关一段时间,1
共通,1
共线,1
共用,1
共正,1
共振,1
兰补,1
兰蔻,1
兰州站,1
兰州交通大学,1
兰州,1
六耳猕猴,1
六神,1
六平,1
公示了,1
六味地黄丸,1
六合氨基酸,1
六分,1
六中,1
六三制,1
公鸭,1
公鸡汤,1
公里,1
公证,1
公立幼儿园,1
公立好,1
公立大学,1
公立医院,1
公积金余额,1
全瓷牙好,1
全杯,1
关好窗,1
先铺瓷砖,1
先贷款,1
先跟师傅,1
先通电,1
先造影,1
先遛狗,1
先铺木地板,1
先防晒,1
全是,1
先降温,1
先隔离,1
先首付,1
先验车,1
光剑好,1
光子嫩肤,1
先贴踢脚线,1
先贴墙砖,1
先贴双眼皮,1
先装衣柜,1
先装柜子,1
先结转,1
先签合同,1
先立项,1
先立业,1
先秀,1
先看指环王,1
先用防晒,1
先用眼霜,1
先用完,1
先用,1
先照相,1
先烫头发,1
光子流线,1
光面,1
光驱,1
入学,1
全日制,1
全抛釉砖,1
全屏钢化膜,1
全国流量,1
全国,1
全包围,1
全包,1
全切,1
全军出击,1
入选了,1
入职,1
入耳,1
入籍,1
入摩,1
入仙,1
克,1
入了,1
党委书记,1
兔子,1
兑现,1
兑奖,1
免费的好,1
免考,1
免学费,1
克莱汤普森,1
克罗地亚好,1
克父,1
克洛泽,1
克洛斯威,1
克夫,1
关停了,1
关机充电好,1
先炒苦瓜,1
减刑了,1
凉油,1
凉白开好,1
凉面高,1
凉风有信,1
凌派豪华,1
减免,1
减毒,1
冷水放,1
减衣服,1
减退,1
凝华,1
凝胶枕头,1
几号,1
几率,1
凉水下锅,1
凉敷,1
凉快好,1
准新车,1
准备,1
准办,1
净胜球,1
净化,1
冻胚,1
冻,1
冷鲜肉,1
冷风,1
冷锋,1
冷藏好,1
冷色,1
冷焊机,1
冷漠,1
凤凰,1
凯,1
凯德 ,1
出局了,1
出道了,1
出道,1
出轨,1
出路,1
出租,1
出票,1
出生证明,1
出生日期,1
出生前,1
出生,1
出狱了,1
出版了,1
出炉,1
出战过,1
出家了,1
凯美瑞,1
出完,1
出境,1
出口,1
出去闯荡,1
出去,1
出卖了,1
出人头地,1
出产,1
出事,1
出了 ,1
凹槽,1
凸透镜,1
凰,1
凯西,1
冷水煮,1
冷水 ,1
关机快,1
内径,1
冀教版,1
内双,1
内发,1
内场,1
内审,1
内屏,1
内循环,1
冷毛巾敷,1
内机,1
内热,1
内眼角好,1
内置机,1
内胫外腓,1
内衣,1
冀州,1
养老保险,1
养猫,1
养牛,1
养得起,1
养地,1
养人,1
典庆,1
其它肥,1
兴奋,1
关阀,1
关门了,1
关门,1
关窗,1
关着好,1
关着,1
关灯,1
内账,1
内马尔,1
再大些好,1
冯正,1
冷天,1
冷咳,1
冷冻室,1
决定,1
冲锋枪,1
冲外,1
冲,1
冰箱好,1
冰岛强,1
冰岛,1
冰啤,1
冰丝席,1
冰丝,1
冰,1
冬小麦,1
再接再厉,1
冬季,1
冬天蒸,1
冬天好,1
农村户口好,1
农村户口,1
农村建房,1
农村信用社,1
军队文职,1
军校招生,1
军官,1
写过,1
写词,1
写程序,1
冒汗,1
先烫,1
先炒肉,1
交百分之十二,1
传祺,1
会长高,1
伟大,1
伟星,1
传奇,1
传染 ,1
传染的,1
传统,1
会吃,1
传统导航好,1
传道受业,1
传销,1
伤人,1
伤元气,1
伤口,1
会赔,1
会计事务所,1
会绝版,1
会的,1
会痛经,1
会痛,1
会疼,1
会涨,1
会拆,1
会意字,1
会怀孕,1
会得 ,1
会影响,1
会好,1
会坐牢,1
会在意,1
会哦,1
伤口周围,1
伤头发,1
伤手,1
住院部,1
你呢个,1
你可以,1
你,1
作废了,1
作,1
佛家,1
佛大,1
佛,1
体系工程师,1
体积,1
体现,1
体教,1
体味重,1
佐助厉害,1
住院了,1
伤机,1
住过,1
住宅,1
低音,1
低速挡,1
低脂,1
低端,1
低烧,1
低点,1
低场,1
位次,1
伸张正义,1
伤身,1
伤肺,1
伤眼,1
会员名,1
会叫,1
佳能m100,1
人大,1
人人网,1
人保好,1
人养车,1
人升,1
人名,1
人多好,1
人工流产,1
会变,1
人才市场,1
人教版本,1
人民币贵,1
人气,1
人流大,1
人造大理石,1
亲水,1
亲土一号,1
亲体,1
亲,1
亮灯,1
亭亭玉立,1
京山,1
京哈高速,1
京东给,1
京东白条,1
产自,1
产生美,1
产奶,1
产假,1
交钱,1
交过,1
交税,1
亿田,1
仁和会计,1
仅退款,1
任燕翔,1
会停,1
会·,1
优财,1
优生五项,1
优思明,1
优学派,1
优化了,1
众泰t300,1
休眠,1
休假,1
伏特加,1
伊顿公馆,1
伊利,1
伊,1
任法融厉害,1
仅限,1
仰面睡,1
仰卧 ,1
仪器,1
以门为主,1
以房产证为主,1
代言,1
代理,1
代,1
付,1
从左向右,1
从左到右,1
从初次领证算,1
从上往下,1
从上,1
你能,1
使用,1
先涂bb霜,1
元帅,1
儒家,1
儒生,1
儿子,1
儿童,1
儿童票,1
元始天尊,1
元帅大,1
停业了,1
兄die,1
兄弟连,1
充,1
充满,1
充满再玩,1
充电器,1
僵硬,1
像哭,1
傻,1
催心浪,1
偷车好,1
偶蹄,1
健身前,1
健身,1
健美,1
停车挡,1
停航,1
停水,1
停止,1
停播了,1
停播,1
停掉,1
停开,1
充电好,1
充钱,1
先,1
先孩子,1
先洗脸,1
先染发,1
先有鸡,1
先散粉,1
先放,1
先收光,1
先摸隔离,1
先挂挡,1
先拿行李,1
先抬离合,1
先开气,1
先就业,1
先定损,1
先安门,1
先天性,1
先专业,1
先吸,1
先吊顶,1
先吃早餐,1
先卸妆,1
先化妆,1
先加减法,1
先力量,1
先刹车,1
先出分数线,1
先关气,1
先做水管,1
先修容,1
先促排,1
先买保险,1
停售了,1
做窗套,1
例假前,1
保温的,1
保安局长大,1
保密性,1
保时捷,1
保暖,1
保洁,1
保温,1
保湿露,1
做的了,1
保罗,1
保胎,1
保证,1
保质期,1
保释了,1
保重,1
保守点,1
保守,1
保养,1
保健品,1
保价,1
俄罗斯队,1
俄罗斯帝国,1
促排卵,1
促排,1
便血,1
便秘,1
便利,1
侵略过,1
侵权纠纷 ,1
侧躺,1
依赖,1
供给创造需求,1
保险,1
保险代理公司好,1
保鲜柜,1
倾泻,1
做木工,1
做手术好,1
做卡,1
做事,1
做一套,1
偏贵,1
偏瘦,1
偏烧钱,1
偏光好,1
偏东,1
假的 ,1
假打,1
假性宫缩,1
假分数,1
值得 ,1
信用卡利息,1
值、,1
借过,1
倒掉,1
倒,1
倍耐力,1
俯卧撑,1
修改之后,1
修好了,1
修好,1
修复了,1
修复,1
修剪后,1
信阳师院,1
信访局,1
不是都有,1
不是越高越好,1
不是的,1
iPhone X,1
hd,1
hdmi,1
how,1
hr16de,1
hu,1
hui1,1
ido,1
fhd屏幕,1
igm,1
ihopeyouarehappy,1
ikbc,1
iloveonlyyou,1
ios11.4,1
ios11.4好,1
hcl,1
h6,1
h5,1
h2so4,1
guī,1
gtx650,1
gtx1070ti,1
gtx1060.6g强,1
gtl,1
gta5,1
gre,1
gf10,1
gcr15,1
gan,1
g2030,1
g,1
furla,1
iphone8,1
ips,1
is,1
l号大,1
moto,1
mlu,1
mini2,1
mc5,1
mbr,1
mba难度大,1
mb,1
mate10pro,1
man,1
mac,1
m2晶纯液淡斑,1
m16a4164好,1
l码,1
l大,1
lsil,1
i进口,1
lol,1
ln2,1
ll,1
linux,1
life,1
leep刀,1
le,1
lcd,1
kindle3好,1
kfe,1
k95,1
k5,1
k1键盘,1
jiu,1
foreomini2,1
fgo梅林,1
mu,1
can,1
c ,1
c1801,1
c2,1
c200,1
c39,1
c4,1
carplay,1
f3,1
cc,1
cc霜,1
cd,1
cdx,1
celink好,1
ceo,1
c,1
b超,1
b能,1
b罩杯,1
b照,1
bv,1
bi鲁,1
bb,1
baby care,1
b48好,1
b2轰炸机,1
b2,1
a线,1
a型,1
a卷,1
a∪b,1
awm好,1
cet,1
cf新活动峰,1
ch4,1
dnf史诗,1
f2.0,1
eva鞋底好,1
eva,1
eur,1
etf,1
esp32,1
ems,1
emba,1
eluosi,1
edg,1
ecco,1
e200,1
dsp好,1
doing,1
dna,1
cmyk,1
dha,1
det,1
derrick,1
dei,1
dc,1
d5300,1
c语言,1
cytus,1
cx5,1
cvt,1
ct好,1
ct大,1
cpu,1
cors,1
mp5冲锋枪,1
mu30,1
atsl,1
x3,1
w7,1
well,1
what,1
windows10,1
wps,1
x21,1
xc90,1
udp,1
xi,1
xl,1
xl大,1
xts大,1
xv21,1
yao,1
w1an,1
vxr,1
vv7s,1
vray,1
vivo手机,1
vivoz1,1
vivoy85,1
vivonex好,1
vivo21,1
vivo y71,1
vivo x21,1
vivo Z1,1
viv0x7好用,1
vi,1
v6,1
v,1
u雅,1
ysl,1
yānhóng,1
z1,1
一公斤,1
一层,1
一对一,1
一对,1
一定会,1
一定 ,1
一天输错,1
一天,1
一品大,1
一只眼,1
一只好,1
一口,1
一千克,1
一加六,1
一共五次,1
一体式空调,1
z1好,1
一体好,1
一中,1
一个月,1
一个数值,1
一个学校,1
一个公园,1
一万,1
《神农本草经》,1
、查,1
　红茶,1
　无氧,1
—1/x,1
·有,1
z370好,1
ug,1
uc浏览器,1
m有,1
pro,1
pets,1
pm,1
pnp,1
pp,1
ppsu,1
prada,1
pro2,1
uc,1
proe,1
ps4好,1
psp,1
psv,1
pu皮,1
pvc,1
penf,1
pe,1
paypai,1
otc,1
os,1
oppor11s,1
oppor11,1
oppoa79,1
ong,1
omega档次高,1
oftendo,1
n能,1
n是x,1
ninety,1
net,1
nba,1
m码大,1
pvc板,1
pvd,1
p是正极,1
shensheng,1
u3,1
tritan,1
trinx,1
tpo,1
toto,1
to do,1
s加一撇,1
suv,1
sun,1
string+,1
stean,1
sonos 音响,1
slr,1
sl,1
sd卡,1
q235b,1
s999,1
s3,1
rx580,1
rc棉好,1
rb1,1
r9s·,1
r410a,1
r410,1
r15好,1
r15,1
r1,1
q力,1
qq音乐,1
q31.4t,1
aug,1
at,1
不是既时减少,1
20°c的冷水,1
1高,1
1：8严重,1
2.0L好,1
2.5l,1
2000,1
202,1
20千克,1
170/88y,1
21世纪,1
21速,1
23,1
23中,1
23到26,1
24小时,1
1年,1
1好,1
1大,1
1型,1
1加好,1
1b,1
1abt,1
19调硬,1
190,1
19,1
18讲,1
18款,1
18k金,1
180,1
18-200,1
18,1
17shou,1
256g,1
25钻,1
28-80,1
366,1
40,1
4+64,1
4,1
3匹,1
3代,1
3个装一袋,1
3p,1
3dmax,1
3D,1
38b,1
37调,1
37,1
36d,1
36a,1
360安全卫士,1
2b好,1
3570,1
350w快,1
3500,1
34c,1
32g好,1
32agw,1
32/70b,1
30好,1
30分钟线,1
301,1
30,1
3 2,1
2年,1
2匹,1
170l,1
16k,1
408,1
 打过,1
 不难,1
 不需要,1
 先修容,1
 免费,1
 可以 ,1
 好用,1
 没有 ,1
160千克,1
 派送,1
 算,1
 聪明,1
 要,1
 要有,1
 适合,1
 不配,1
 不通用,1
 不要,1
 不致,1
 不知道,1
 不直,1
 不活血,1
 不承担,1
 不影响,1
 不对,1
 不好,1
 不危险,1
 不包括,1
 不严重,1
 2700U,1
" ""有志者事竟成""",1
  正常,1
 陶瓷,1
 难,1
",正确",1
109,1
1500米,1
15-45,1
144,1
12档,1
12寸,1
127伏,1
11点,1
11中,1
1130,1
110,1
11.3,1
10平方米,1
10mg,1
10a,1
1080,1
-17,1
108,1
100,1
1/100大,1
1.5匹,1
1.5t,1
1.4T,1
1.4,1
0.8,1
0.5,1
0.144度,1
0.1,1
0.043750000000000004,1
.可以,1
.不限制,1
405,1
43类,1
approachtodoing ,1
GB,1
C盘好,1
D,1
DTS,1
DVI,1
F6,1
G2,1
HANG ,1
98千克,1
HB,1
KZ,1
LCD,1
LV,1
M41,1
MINI14,1
CX70,1
CT好,1
B超,1
B大,1
BEC,1
BANG,1
B4大,1
Apple Pay安全,1
AUS10,1
A4l,1
A4,1
A,1
9楼好,1
99道弯,1
999感冒,1
999小儿感冒颗粒,1
999,1
MRI,1
O,1
Oroton,1
X好,1
apple pay,1
an ,1
am,1
aj1黑绿脚趾好看,1
aj1,1
air,1
ai,1
ad ,1
a73,1
a5小,1
a4,1
a380,1
a320,1
Z370,1
X21,1
P,1
X,1
W无法确定,1
VR爽,1
VR,1
VIVO,1
U宝好,1
UU跑腿,1
TF,1
T22,1
T2,1
QQ,1
PPTV,1
POLO,1
P20 Pro,1
99,1
97w,1
480,1
5号电池大,1
5w40,1
5个,1
5个8,1
5冷,1
5分钟,1
5号大,1
5好,1
960,1
6,1
6.08千克,1
60V,1
611,1
61买,1
63,1
5w30大,1
5w30,1
5w-40,1
5v4a,1
5gb,1
5g,1
5G,1
530,1
510,1
50天左右,1
500顿,1
4楼,1
4核,1
4c,1
4b,1
4K,1
4D,1
636,1
64gb,1
660好,1
80大,1
95汽油,1
95好,1
95号,1
950,1
918,1
90,1
9,1
877,1
86好,1
86,1
845更好,1
845好,1
835,1
80好,1
7有,1
69月宫,1
7月1日之后,1
7座,1
7凉,1
7中,1
7P,1
773,1
760,1
75b,1
70％以上不会,1
6条,1
6座mpv,1
6分米,1
6分,1
6splus,1
一年扣一次,1
一年长,1
一床,1
不大屁股,1
不增多,1
不壮,1
不多 ,1
不多收费,1
不多糖,1
不够大,1
不太好,1
不咋样,1
不夹,1
不好下款,1
不好入,1
不好升,1
不好吸收,1
不好嫁,1
不增加,1
不增产,1
不增,1
不填,1
不堵,1
不坚持,1
不坐,1
不在意,1
不固精,1
不固执,1
不固定,1
不团伙,1
不回归,1
不喷,1
不喝酒,1
不喝好,1
不唯一,1
不好就业,1
不好带,1
不好当,1
不好调,1
不害羞,1
不室,1
不审核,1
不实惠,1
不定位,1
不完结,1
不安置,1
不安排,1
不存,1
不妥,1
不如,1
不好近,1
不好运作,1
不好转,1
不好获取,1
不好得,1
不好耍,1
不好维修,1
不好签,1
不好穿,1
不好申请,1
不好爬,1
不好点,1
不好消化,1
不好治疗,1
不好改,1
不好挂,1
不好抽,1
不好打,1
不好成,1
不和谐,1
不命短,1
不容易 ,1
不只可以,1
不受影响,1
不受限,1
不受限制,1
不变化,1
不叠加,1
不古老,1
不只吃,1
不吸水,1
不只存在,1
不只招,1
不只是,1
不只有c盘,1
不召回,1
不可以  ,1
不受保护,1
不发芽,1
不发热好,1
不发热,1
不发烫,1
不发放,1
不发展,1
不发困,1
不反映,1
不反感,1
不双休,1
不友好,1
不友善,1
不参政,1
不参与,1
不去湿,1
不压分,1
不可以   ,1
不可以i,1
不可以有,1
不合财产,1
不吸毒,1
不吸收,1
不含氟好,1
不吐,1
不同行业,1
不同相同,1
不同样,1
不同房,1
不同意,1
不同性恋,1
不同床,1
不同居,1
不同单位累计满十年,1
不吉祥,1
不合规,1
不可以用,1
不合拍,1
不合成,1
不吃饭,1
不可行,1
不可致,1
不可练,1
不可相信,1
不可燃,1
不可治,1
不可数 ,1
不可放,1
不可取,1
不可信正规,1
不可信 ,1
不容,1
不对口,1
一批,1
不掏钱,1
不招聘,1
不拿,1
不指定,1
不按,1
不挥发,1
不捏,1
不排毒,1
不扩展,1
不接,1
不接壤,1
不接待,1
不接触,1
不推荐,1
不推送,1
不拘,1
不拉 ,1
不抽,1
不押韵,1
不押,1
不抵算,1
不抵押,1
不报到,1
不护,1
不折寿,1
不抗震,1
不抗真菌,1
不抗癌,1
不抗寒,1
不抗,1
不抓拍,1
不抓,1
不掺和,1
不提升,1
不提取,1
不断裂,1
不是打一次,1
不是所有,1
不是很痛,1
不是当场,1
不是同一个人,1
不是可数名词,1
不是不是,1
不是·,1
不是10号,1
不易碎,1
不易燃,1
不易反复,1
不旺夫,1
不施工,1
不敷,1
不提取折旧,1
不散瞳,1
不敢用,1
不放心,1
不放在,1
不攻击,1
不收钱,1
不收取,1
不收发,1
不支撑,1
不撤回,1
不搞,1
不提醒,1
不提神,1
不提示,1
不扩招,1
不扣钱,1
不对外,1
不平衡,1
不希望,1
不带头,1
不干扰,1
不干燥,1
不平坦,1
不平行,1
不并用,1
不扔,1
不幸福,1
不幸运,1
不幼稚,1
不开了,1
不开罚,1
不张,1
不帅,1
不差很多,1
不差劲,1
不崩,1
不属于！,1
不属,1
不尿频,1
不尴尬,1
不小气,1
不尊重,1
不导致,1
不导电,1
不导,1
不对等,1
不对称,1
不对着,1
不对应,1
不弱,1
不强大,1
不强烈,1
不恒湿,1
不打蜡,1
不打开,1
不扒皮,1
不扎实,1
不扁平,1
不成瘾,1
不成年,1
不憋屈,1
不愧疚,1
不感染,1
不感光,1
不意味,1
不想,1
不恶心,1
不性感,1
不强盛,1
不性寒,1
不怕冷,1
不念题,1
不忠诚,1
不必须要,1
不必需,1
不必给,1
不必是,1
不得,1
不很难,1
不很痛,1
不很疼,1
不很严重,1
不录播,1
不压,1
不单独,1
不升级,1
上坡,1
上不了,1
上交,1
上午好,1
上午高,1
上半年,1
上半月,1
上大学,1
三杉淳,1
上学一校,1
上层,1
上市公司,1
上征信,1
上征信了,1
上得了,1
上下,1
上 ,1
三针,1
三聚氰胺贵,1
三职,1
三缸,1
三级笔译,1
三级甲,1
三级好,1
三级,1
三科,1
三益,1
三甲好,1
三段,1
三次,1
三棵树好,1
三栏,1
上月,1
上游,1
上火 ,1
下海了,1
不一块,1
不low,1
不 能,1
不 是,1
下面,1
下雪,1
下雨了,1
下雨,1
下过乡,1
下过,1
下边缘,1
下蛋,1
下盘,1
下游,1
下沉,1
上火了,1
下款,1
下架了,1
下怀,1
下巴,1
下层,1
下城,1
下坡让上坡,1
上饶师院,1
上风处,1
上铺,1
上调了,1
上税,1
上的了,1
上牌后,1
三极管,1
三本本科好,1
不匹配,1
一级伤残,1
一直充电,1
一直开着,1
一直有,1
一直痛,1
一种,1
一级严重,1
一级学科,1
三本好,1
一级帮宝适薄,1
一胎,1
一致收敛,1
一般,1
一般纳税人,1
一起喝,1
一直,1
一片,1
一海里,1
一波,1
一汽,1
一次性付清好,1
一次性,1
一次元,1
一楼,1
一梳黑,1
一梯两户,1
一档快,1
一样高,1
一样的,1
一样多,1
一栋大厦,1
一日两次,1
一过性,1
一键升降,1
一闪一闪,1
万艾可,1
三期,1
三昧真火,1
三星s7好,1
三折,1
三开门,1
三层板,1
三寸,1
三室,1
三叶草,1
三分之二大,1
三分之二,1
三乙,1
三个轮子好,1
三个字,1
万州站,1
一面,1
万世,1
七画,1
七星漂,1
七彩虹,1
七天,1
七分袖,1
七乘以根号四,1
七中,1
丁铃铃,1
丁威特,1
丁基内胆,1
丁俊晖,1
一高,1
一颗小草,1
不一定会,1
不一样大,1
不一直,1
不关系,1
不全责,1
不公证,1
不共存,1
不共用,1
不共面,1
不关停,1
不关闭,1
不一直开,1
不具备,1
不养胃,1
不再,1
不再完整,1
不写,1
不冤,1
不全灭,1
不全是,1
不全拿走,1
不全封闭,1
不全 ,1
不全,1
不免除,1
不免息,1
不免 ,1
不光合,1
不先,1
不充足,1
不充分,1
不像,1
不催奶,1
不停运,1
不停水,1
不冲,1
不冷门,1
不准 ,1
不副作用,1
不包邮,1
不包过,1
不包皮,1
不包括已失去,1
不助于,1
不动手术,1
不加重,1
不加热,1
不加油,1
不加时,1
不加成,1
不加价,1
不办卡,1
不办公,1
不剪,1
不凉,1
不刺眼,1
不利,1
不删除,1
不列入,1
不切,1
不分科,1
不分片,1
不分 ,1
不出门,1
不出苗,1
不出现,1
不减脂,1
不减少,1
不凉性,1
不做功,1
不偏高,1
不偏甜,1
不丢人。,1
不亮屏,1
不交钱,1
不交配,1
不交易,1
不互溶,1
不亏本,1
不买票,1
不久,1
不主持了,1
不主动,1
不丰胸,1
不丰富,1
不严重y,1
不严格,1
不专一,1
不付,1
不下降,1
不下折,1
不上门,1
不上课,1
不上脸,1
不上瘾,1
不上牌,1
不上映,1
不上市,1
不上头,1
不上场,1
不上升,1
不一般高,1
不一般,1
不介绍,1
不付费,1
不偏少,1
不作弊,1
不偏大,1
不偏僻,1
不倒装,1
不保真,1
不保留,1
不保湿,1
不保本,1
不保准,1
不保,1
不促,1
不便宜 ,1
不依恋,1
不供暖,1
不使用,1
不住院,1
不代发,1
不住宿,1
不低烧,1
不伤身,1
不伤手,1
不伤 ,1
不传播,1
不传,1
不会知道,1
不会得,1
不会变粗,1
不会变了,1
不会。,1
不会·,1
不优惠,1
出门,1
出院,1
易淬火,1
平舌音,1
平板,1
平板 ,1
平板手机贵,1
平消片,1
平级,1
平肩,1
平行,1
帮富,1
平衡,1
平角裤,1
平躺,1
平面,1
年,1
年交费,1
平方厘米,1
平性,1
平山路,1
平安银行,1
平安贷,1
平安,1
平均数,1
平台,1
平原,1
平分,1
平一点好,1
干的,1
干燥,1
干活,1
常青,1
常闭,1
常温好,1
年份,1
年冲,1
年利率,1
广元,1
店,1
底越好,1
底下,1
应给,1
应交,1
床笠,1
床头对西方,1
床中床,1
广阔,1
广西大学,1
广西大,1
广汽丰田,1
广州市,1
广发,1
广东药科,1
年轻,1
广东省委书记,1
广东海洋大学,1
广东技术师范大学好,1
广东工业大学,1
广,1
幼稚,1
幼师,1
幼儿,1
幸运,1
并发,1
并列,1
并不都是,1
并不是,1
年限,1
帮忙,1
帮助过,1
废电,1
巴厘岛,1
已参加,1
已婚,1
已归还,1
已形成,1
已理顺,1
已结婚,1
巴海亚,1
帮助,1
巴花,1
巴西罗纳尔多,1
巴西队,1
巴西黑酸枝,1
巴西龟,1
巴黎,1
已出,1
已上市,1
差距大,1
差得多,1
巨蟹座,1
巨幕,1
左叉右刀,1
左,1
工蜂,1
工科计算机好,1
工科,1
工商管理,1
工厂,1
工作时间,1
工伤10级,1
工于心计,1
工业用电,1
市内,1
市区,1
市区小户型,1
帝豪好,1
帮办,1
带顶,1
带钻,1
带话费的,1
带薪,1
带的动,1
带有,1
带套好,1
带套,1
带土,1
带不起来,1
带不起,1
带t,1
带K,1
帝豪gl,1
市委书记,1
帝豪,1
帝王蟹,1
帕莎,1
希望,1
师长,1
师,1
帅丰,1
布的,1
布料,1
布帘,1
布宽,1
布加迪威龙,1
市长,1
市里,1
废墨,1
度己度人,1
川大,1
很火,1
很恐怖,1
很慢,1
很懒,1
很晒,1
很有钱,1
很渣,1
很痛,1
彩排,1
很硬,1
很稀有,1
很红,1
很胖,1
很贵,1
很难受,1
很强,1
很富裕,1
很容易,1
很在意,1
很人性,1
很严格,1
征服者,1
征服,1
征收,1
征了,1
往后推,1
往上推,1
往上吹,1
彻底,1
彭家驹,1
彭于晏,1
彩金,1
律师,1
徐州,1
徐州工学院,1
德威好,1
必考,1
必掉,1
必修,1
心肌损伤,1
心眼,1
心理出轨,1
心理健康,1
心情不好,1
心情,1
徽江海学大学,1
德龙,1
德高,1
德育处副主任,1
德岛好,1
德威,1
徐州机电技师学院,1
德国车,1
德国强,1
德国农民,1
微子和光子,1
微商,1
微创结扎好,1
御史中丞,1
得救了,1
得到过,1
徐雅钧,1
徐良,1
徐泾小学,1
徐庶,1
徐工,1
彩棉,1
形容外貌,1
康乃馨,1
开水煮,1
  有,1
开市,1
开打,1
开挂,1
开放性骨折,1
开有,1
开的起来,1
录完了,1
开盘,1
开空调好,1
开窗户,1
开胸,1
开过,1
开闸,1
开封,1
开园,1
开启,1
开口,1
开关,1
开业,1
开不起来,1
建设方,1
建设局,1
建好了,1
延期快,1
延期,1
延时拍摄,1
廖阅鹏,1
廉租房,1
康桥,1
康华,1
开音节,1
开颅,1
异响,1
强势,1
录取了,1
当时就给,1
当庭,1
当天,1
当地,1
归物业管,1
归云,1
强身,1
强行,1
强电解质,1
强电在上,1
强悍,1
强壮,1
强势专业,1
强 ,1
弄熟泡,1
弹力素,1
弱冠,1
弱,1
弯,1
弥勒,1
张芝,1
张良,1
张杰,1
张家界好玩,1
张家港,1
张学良,1
张信哲,1
张一山,1
弊大,1
工业工程,1
巅峰训练好,1
必需品,1
完工,1
安踏,1
安阳师范学院,1
宋庆龄,1
宋钟基,1
完,1
完全变态,1
完成,1
宁德师范,1
完成了,1
完本了,1
完美,1
宏观,1
官网,1
官翻机,1
安苏萌,1
安置房,1
安置,1
安监局,1
安排,1
安徽省,1
安徽大学江淮学院,1
安徽大学,1
安家,1
安吉白茶,1
守时,1
守恒,1
宇通,1
宇文玥,1
宇宙,1
宅倍丽,1
宅,1
定义式,1
定了,1
定做好,1
宝骏510,1
实行了,1
实用车,1
实现了,1
实火,1
实木门,1
实木好,1
实木地板,1
实施,1
实名制,1
实发,1
实体店好,1
实习前,1
宝骏好,1
宝骏730,1
宝骏310,1
定制好,1
宝马x1,1
宝马5系,1
宝轮,1
宜通风,1
宜居,1
宜宾,1
宜妃,1
宜吃,1
定频,1
定罪,1
定焦,1
定排空调,1
定向增发,1
定制家具好,1
宁波,1
宁夏,1
审,1
姥姥姥爷,1
始于,1
姐姐,1
姓,1
姓李,1
姜子牙,1
姜波克,1
威刚,1
孩子带,1
威尔史密斯,1
威尔法,1
威朗,1
威胁,1
威驰,1
娃娃,1
妲己,1
妖刀,1
妈妈睡好,1
妈妈,1
妈咪爱,1
妃,1
如释重负,1
如来佛祖,1
如,1
好顺产,1
好链接已查,1
好配,1
好通过,1
好还,1
好近,1
好运,1
好迁,1
娃娃户口,1
娘家,1
娜美,1
存在一起,1
孩子,1
学校教育,1
学校招,1
学架子鼓好,1
学幼师,1
学了,1
孝义,1
孙雅,1
孙膑,1
孙尚香,1
孙中山银元,1
存钱好,1
存款,1
存在过,1
存在 ,1
娱乐,1
存,1
孕酮,1
孕囊,1
孕,1
子宫次全切开腹,1
子女,1
子叶,1
嬴政,1
嫁接,1
嫁人了,1
嫁人,1
嫁了,1
婚检,1
婉容,1
实验中学,1
审查,1
崩盘啦,1
少白头,1
小银瓶,1
小题大做,1
小鸟,1
小麦,1
小黄鱼,1
少开,1
少穿,1
小学,1
少运动,1
尖泡灯,1
尚书令大,1
尤克里里,1
尬聊,1
就座,1
小车,1
小豆好,1
小虎,1
小苏打,1
小花,1
小胸,1
小肚鸡肠,1
小米八,1
小米8 ,1
小米3,1
小的,1
小燕子,1
小火,1
小枣,1
小时候,1
小快克,1
小心眼,1
尹国驹,1
尽忠报国,1
尿不湿,1
山东理工大学,1
崩盘了,1
崩了,1
崂山,1
峨眉山,1
岳乐,1
山风好,1
山谷,1
山西师范大学现文理学院,1
山羊肉,1
山清水秀,1
山泉水,1
山大一院,1
山东财经大学,1
山东职业学院,1
山东大学,1
尿道出血,1
山东中医药,1
屯着吃,1
属鸡,1
属马,1
属蛇,1
属狗好,1
属强,1
属于语,1
展出,1
屏蔽了,1
居民企业,1
居民,1
居住证,1
尿频,1
小店,1
小头,1
审核,1
宽好,1
家用中央空调,1
容,1
容声冰箱,1
容易 ,1
容易吸收,1
容易坏,1
宽松,1
小天鹅,1
宽阔,1
宾语,1
密封,1
密集,1
富,1
富阳逸品春江,1
家用,1
家教,1
家庭教育,1
家具,1
家乡好,1
宫颈糜烂,1
宫颈炎,1
宫颈刮片,1
宫血宁胶囊,1
宫,1
室缺严重,1
室早,1
室性,1
宣化县,1
客英语,1
客气,1
客服,1
寒凉,1
寓言,1
寓言故事,1
射,1
小型,1
小叶紫檀,1
小口,1
小卡槽,1
小包,1
小于,1
小g,1
尊重历史,1
尊敬,1
将军,1
将,1
射灯,1
射手女,1
射手,1
封顶,1
对了,1
封闭式,1
封闭好,1
封釉,1
封路了,1
封建迷信,1
封号了,1
寿光一中,1
导体,1
导,1
寻麻疹丸,1
对流层,1
对应,1
对外征集,1
对外开放,1
必需,1
必须i,1
出院结算,1
撤了,1
摘出来,1
摘隐形,1
摩根,1
摩羯男虐水瓶女,1
摸得出来,1
撕过,1
播了,1
提前几天,1
播完了,1
播过,1
攒,1
支付宝,1
支付宝借呗高,1
支出,1
摇滚,1
摇号,1
摆摊,1
搽,1
携程,1
携带,1
搭配,1
搭,1
搬迁,1
搜索,1
搜狗好,1
搜狗,1
揭晓,1
握拳,1
提醒,1
提货,1
提示,1
支气管炎,1
支点,1
收 ,1
攻速,1
救出了,1
救人,1
敏锐,1
政府采购工程类招标,1
政府,1
政工师好,1
政委大,1
放高,1
放环,1
放热反应,1
放得下,1
放大镜是凸透镜,1
放假了,1
放下,1
改革了,1
收了,1
改革,1
改造,1
改过,1
改良,1
改的了,1
改善,1
改名了,1
改了 ,1
收钱,1
收线好,1
收的到,1
收敛,1
收工本费,1
收入,1
提拉,1
提前了,1
教不了,1
换发,1
挨了,1
挨打,1
挨过,1
挨饿,1
挺好,1
换人了,1
换号,1
提前上映了,1
换尿布,1
换气,1
换气扇,1
换牙,1
换着用,1
换过,1
挤,1
挡风板好,1
挑破,1
按月,1
按摩,1
按揭,1
按察使,1
指甲,1
指数函数,1
指挥,1
指手划脚,1
指尖,1
指导价,1
指,1
挂钩,1
挂牌了,1
挂牌,1
捷达,1
掉了,1
掉漆,1
接收,1
提交,1
提了,1
提,1
掺水,1
掷,1
推拉窗,1
推广,1
控释片,1
控油,1
控枪,1
控制,1
控,1
接触,1
接着用,1
接待,1
排了,1
接合部,1
接合,1
接受辩论,1
接不了,1
排骨,1
排除,1
排队,1
排湿,1
排气,1
排外,1
排名,1
排卵后,1
排卵前期,1
排出后,1
救出来了,1
教士好,1
挂水,1
无配有,1
无益,1
无线耳机好 ,1
无菌,1
无解散,1
无责任,1
无过错,1
无钢圈,1
无余额,1
无限责任,1
无需,1
日上,1
日久生情,1
日本女人没有穿内衣,1
日本语言学校,1
无犯罪记录证明,1
无法确定的,1
无法确定是,1
无法确定·,1
无法启动,1
无桶好,1
无极调节好,1
无最低消费,1
无效果,1
无挂,1
无性,1
无序,1
无回声好,1
无双,1
无助于,1
无功效,1
无冰晶冷风机,1
日本足球队,1
日照后,1
日版,1
旱,1
易消化,1
易守难攻,1
易地,1
明星母乳喂养,1
明廷的错,1
明君,1
昆明山海棠片,1
昆仑1954好,1
昆一中,1
昂科拉,1
旺,1
时间限制,1
时尚,1
时,1
早饭,1
日立空调,1
早起,1
早期,1
早晨跑步,1
早晨吃,1
早晨,1
早取出来,1
早做,1
早于,1
早上吃好,1
旧核桃,1
旧核,1
日语,1
日系车,1
日系,1
无关·,1
无事,1
教完笔画,1
文明,1
数码相机,1
整,1
整个,1
整机,1
整顿了,1
文字,1
文绉绉,1
无上光荣,1
文职辅警好,1
斑鸠,1
斗帝,1
斗罗,1
料,1
料酒,1
数控,1
数据,1
数学一,1
数学,1
数字媒体艺术,1
敬词,1
敬事而信,1
敦煌,1
散装酒,1
散装,1
散粉,1
散文,1
散,1
敢用,1
敢 ,1
教练,1
教工委,1
斜放,1
断了,1
断更了,1
新百伦好,1
旋转,1
旅游鞋,1
施工方,1
施工员,1
施华蔻,1
施,1
方言,1
新鲜的好,1
新阳院,1
新车,1
新证,1
新西兰,1
新茶,1
新空调好,1
新百伦,1
斯大林,1
新疆,1
新版的,1
新桥,1
新桑,1
新枝,1
新明珠,1
新小区,1
新安县一高,1
新加坡,1
新中付,1
新X5,1
新,1
斯达黎家,1
斯托克顿,1
挂烫机好,1
挂壁,1
必须一样,1
戮默,1
我的世界,1
戒,1
战场统治者,1
战狼2,1
战神好,1
战龙好,1
戳不破,1
慢好,1
戴孝,1
戴手表,1
戴眼镜,1
戴过,1
户口本,1
房东,1
成都铁中,1
成都理工,1
成都师范学院,1
成都师范大学好,1
成都好,1
成语故事,1
成绩,1
成组t检验,1
成立了,1
成立,1
成熟了,1
成形,1
成吉思汗厉害,1
成了,1
慢的,1
慢松离合,1
慢慢醒,1
房产置业顾问,1
房子,1
房屋,1
手臂流,1
打假,1
打仗,1
打了,1
打不进来,1
打不进,1
打不穿,1
打不死,1
打一圈,1
扑粉,1
扑尔敏,1
手麻,1
手雷,1
手镯,1
手自一体,1
手背,1
房贷,1
手缝好,1
手痒,1
手游,1
手洗汰渍,1
手洗,1
手机辐射大,1
手机支付,1
手术,1
手指,1
手动档,1
手刹,1
扁皮,1
扁桶,1
房顶,1
慢慢松,1
愧疚,1
打孔术,1
怕冷,1
快递公司,1
快龙,1
念,1
怀孕 ,1
怀得了,1
怀柔,1
怕水,1
意外,1
怕碱,1
思域,1
思想,1
思维好,1
急性,1
急速,1
快递,1
快好,1
快倒了,1
快了,1
快乐,1
忠诚,1
忘记他,1
忘不了,1
志愿,1
忍着,1
忌讳,1
必须的,1
必须用,1
必须是,1
必须得有,1
必须带,1
必须办,1
性,1
性凉,1
性格,1
息影了,1
惹事生非,1
惩罚,1
惠普好,1
惠普,1
惠州,1
悦薇,1
悦,1
悟空找房,1
恺,1
恶魔,1
恶性的多,1
恶性,1
恶心,1
恶劣,1
恩爱,1
性热,1
恩格斯,1
恨,1
恢复好了,1
恒大名都,1
恒力,1
恐龙,1
恋爱了,1
恋家,1
恋人,1
总监,1
总理,1
总分,1
总价的20%,1
怪才不够,1
打好,1
打开了,1
挂墙上好,1
拆旧,1
抽湿,1
抽的,1
抽脂,1
抽象,1
拆了,1
拆家,1
拆迁了,1
护士发药,1
拆过,1
拈,1
拉伤,1
拉得动,1
拉拉裤好,1
拉杆箱,1
抽检,1
押款,1
抵押权,1
抵扣,1
抵,1
抱着喂,1
抱团好,1
抱,1
披露,1
报道了,1
报警,1
报班,1
报志愿,1
报团,1
报告,1
护肤霜,1
护肝,1
拉稀,1
拉肚子,1
拉芳,1
招蚊子,1
挂了,1
持续疼,1
持续流,1
拿破仑,1
拿得到,1
拿不到,1
拼音快,1
拼过,1
拼多多,1
拼,1
拷克,1
拥挤,1
拜见,1
拜新同和代文合用,1
招狗好,1
拉西,1
招标了,1
招录单位,1
招了,1
招 ,1
拘留所,1
拖运,1
拔掉好,1
拔掉,1
拔了,1
拒收,1
拎行李箱方便,1
拍片,1
拍成,1
拉黑,1
护理好,1
护士,1
打开好,1
扫把,1
托班,1
扣分人,1
扣板之前,1
扣车,1
执行,1
扩,1
扫描,1
抢断,1
扶持,1
扶贫,1
批准,1
批次线,1
找律师,1
找机构,1
托业英语,1
扔,1
打雷,1
打通,1
打败了,1
打蜡,1
打胰岛素好,1
打胰岛素,1
打胎,1
打粉煎水喝,1
打粉前,1
打的赢/打不赢,1
打的好,1
打电话,1
打柜子,1
打得起,1
打得赢,1
找的回来,1
技校,1
把中药装里面熬,1
抖音火,1
抢得到,1
抢单,1
抛釉,1
抚顺,1
折旧,1
折叠椅,1
抗静电,1
抗蓝光,1
抗菌,1
抗皱,1
抗病毒口服液,1
抗生素,1
抗摔,1
抗原,1
抖音,1
把的出,1
投资了,1
投档线,1
投放危险物质,1
投影仪,1
投影,1
投保人,1
投,1
抓拍,1
抓得到,1
抓到了,1
抓到,1
抒情的 ,1
抑郁,1
抑菌剂,1
好跑,1
好训练,1
好耍,1
双硬盘,1
双引号,1
双循环,1
双星,1
双显卡,1
双槽,1
双汇好,1
双禄芬,1
去app,1
双离合,1
双轮,1
双通道,1
双钩,1
双顶径,1
双鹤,1
双卡双待,1
双侧,1
双为,1
友好,1
及物动词,1
及格,1
及时,1
又营养,1
又,1
参战了,1
县里,1
县级市,1
县大,1
去火 ,1
去湿气,1
去污,1
去本州,1
反,1
反场,1
反复,1
发布前,1
发福,1
发票章,1
发的过去,1
发的了,1
发病,1
发现了镭,1
发现,1
发烫,1
发泥,1
发水,1
发梢,1
发散,1
发放,1
发改委,1
发布,1
反应剧烈的就是女孩,1
发展中国家,1
发展下线,1
发寒,1
发奋图强,1
发售了,1
发出了,1
发凉,1
収,1
反面晒,1
反面,1
反流性胃炎,1
反比,1
反曲弹弓,1
反弹,1
去学校,1
厦门近,1
发红,1
卧室,1
卡莲大,1
卡西利亚斯,1
卡西欧,1
卡诗,1
卡顿,1
卢布,1
卧床,1
厦门理工,1
卫生厅,1
卫生棉条,1
印尼,1
印的,1
危害不大,1
危险 ,1
卡特,1
卡牌游戏,1
卡尔马龙,1
卡卡,1
卡其色,1
卡2,1
占领了,1
占内存,1
占 ,1
博朗,1
博时,1
博尔特,1
博士大,1
博世,1
南院,1
南阳理工学院,1
南阳师范,1
即使,1
即将排卵,1
即热式,1
厚点好,1
厦门岛,1
厦门北,1
厢式,1
原色,1
原生态,1
原液,1
原核,1
原子核,1
原子弹,1
原味,1
原发性高血压,1
原厂车好,1
原价,1
原件,1
厚点,1
卷发,1
厚了,1
厌食,1
压缩,1
压的住,1
压得住,1
压力大,1
压,1
厉害了,1
厉害 ,1
厉,1
历练,1
厂里,1
卸妆棉,1
卷起来的,1
发紫,1
发红好,1
南车,1
可靠 ,1
可溶,1
可疑 ,1
可能        ,1
可能否,1
可调,1
可过,1
可靠·,1
可以了,1
台上盆,1
台湾,1
台湾人,1
台铃,1
史密斯,1
右手拿刀,1
可治,1
可查,1
可擦,1
可换,1
可当,1
可办,1
可信 ,1
可使用,1
可以设置,1
可以考,1
可以的,1
可以玩,1
可以是,1
可以搭,1
可以换,1
可以卖出,1
可以减肥,1
右脑,1
右腹,1
右腿,1
吃果肉,1
合作过,1
合体,1
各自,1
各年,1
吃鸡,1
吃馒头好,1
吃饭多好,1
吃饭,1
吃素,1
吃糖丸,1
吃米饭好,1
吃米粉好,1
吃的了,1
吃的,1
吃得,1
右臂,1
吃大米多,1
吃半个,1
吃力,1
吃人,1
吃了饭,1
吃了,1
吃不得,1
吃上了,1
司法考试,1
司法保护,1
司令大,1
号,1
叶帅,1
叶子,1
可以全部取出,1
可以一起吃,1
发育不好,1
受热,1
受凉了,1
受到,1
受压,1
受得了,1
受控制,1
受欢迎,1
受理 ,1
可以。,1
受限,1
变了 ,1
变厚,1
变好,1
变少,1
变弯,1
受了,1
受 ,1
取掉,1
取卵,1
取出来,1
取不下来,1
取下,1
发黄,1
发酵粉,1
发达国家,1
发货,1
发财,1
发行了,1
发蜡,1
发芽,1
发膜,1
发胶,1
变态,1
变更,1
变焦,1
古筝容易,1
可以1,1
可以    ,1
可乐,1
可丽蓝,1
可 ,1
召开,1
只能用现金,1
只用一个,1
只是,1
只属于,1
另有原因,1
另收,1
古龙,1
古驰,1
古建,1
变细,1
古巨,1
古力娜扎,1
古典其他,1
古典,1
口水巾,1
口,1
叛逆,1
叛变了,1
叙利亚,1
变频高,1
变频空调,1
变频好,1
变速箱,1
变速好,1
南阳,1
南航,1
好签,1
前者,1
剋,1
前一天,1
前乳,1
前倾,1
前刹,1
前置,1
前肘,1
到期了,1
前脚,1
前轮,1
前锋,1
前面两个轮的好,1
剑圣,1
剑宗,1
削皮,1
削弱,1
削了,1
剃头,1
剃,1
刽,1
刻意,1
刺鼻,1
刺眼,1
刺痛,1
刺客,1
刷银联,1
刷身份证,1
刷新,1
刷好,1
刷墙,1
刷人,1
剑齿虎,1
剖妇产,1
剖腹,1
办油卡好,1
加时间,1
加拿大 ,1
加强了,1
加大,1
加入了,1
加入,1
加些肥肉,1
加上,1
加an,1
加 ,1
功率大好,1
功大于过,1
办过,1
办理时间,1
办手续,1
剥削,1
办公,1
割双眼皮,1
副教授,1
副政委,1
副总经理,1
副总,1
副司长,1
副县长,1
副卡,1
副主编大,1
剪碎,1
剪断,1
剪掉,1
剩男,1
到过,1
到店了,1
加注口,1
分级,1
分母,1
分泌物,1
分盘,1
分着考,1
分离,1
分米,1
分腿,1
到帐,1
分腿睡袋,1
分行,1
分解,1
分部,1
分钟,1
切,1
分析,1
分期好,1
分月,1
分时,1
分数出来以后,1
分散,1
分拣,1
分得开,1
分式,1
分开补,1
分层放,1
分子,1
分地,1
分区,1
分内,1
分体,1
刀片刮好,1
切掉,1
切磋,1
切菜,1
删档,1
刮腻子,1
刮得好,1
刮好,1
别克,1
别人听不见,1
别不可以,1
利物浦,1
利润高,1
利润分配,1
利普刀,1
利君制药,1
刨腹产,1
刨妇产危险,1
判决书下来,1
删处,1
切除,1
删了,1
初三生,1
创立了,1
创作日期,1
刚度,1
刘翔,1
刘罗锅,1
刘海屏,1
刘易斯,1
刘恺威,1
刘德华,1
刘孝标,1
划入,1
刑事拘留,1
加最大,1
加深,1
南线上山,1
协议离婚,1
华盛顿,1
华纳,1
华美,1
华裔,1
华西村,1
华谊兄弟,1
卓诗尼,1
半山逸城好,1
卓越,1
单个,1
单位,1
单位报销,1
单卡双模,1
单双排,1
华图,1
华南理工大学广州学院,1
华南理工大学,1
华北理工,1
华侨实验学校,1
华为荣耀9青春版,1
华为荣耀10,1
华为平板,1
华为好,1
华为十,1
华为nova3e,1
华为8plus64g,1
华为7X,1
华中师范大学,1
华中,1
半麻,1
半肉,1
单反,1
单叶,1
单子叶,1
单键,1
南站,1
南海,1
南欧,1
南山,1
南宋,1
南大滨海,1
南北通透,1
南北方好,1
南北向,1
卖鞋垫,1
卖童装,1
卖房子好,1
卖家,1
单面,1
单身,1
单层,1
单苗好,1
单程,1
单碟好,1
单眼皮,1
单独吃,1
单机,1
单晶好,1
单晶,1
单日子,1
单排好,1
单打hib,1
单手,1
单币,1
单层膜,1
半径,1
半合成机油,1
加物攻,1
包安装,1
勇为,1
勾,1
勾缝剂,1
包头,1
包头火车站,1
包子,1
包就业,1
半合成,1
包工头,1
包扎好,1
包扎好得快,1
包括了,1
包涵,1
包赔,1
劳斯莱斯,1
劳动局,1
劳动仲裁,1
劲道,1
劲客,1
助消化,1
动车段高,1
动脉,1
动物奶油,1
动漫,1
动滑轮,1
动态,1
动心,1
动产,1
劣势,1
加重,1
加装风扇,1
包邮,1
化妆,1
化妆棉好,1
北流,1
半包,1
升级好,1
升旗,1
升了,1
千里,1
十连抽好,1
十月馨,1
十堰市一中,1
十六罗汉,1
十八子,1
十万,1
医的好,1
匹多莫德颗,1
北门,1
北师大毕业,1
化学性质,1
北宋,1
北大,1
北半球,1
北出站口,1
北京广慧金通,1
北京市求实职业学校,1
北京定选,1
北京妇产医院,1
北京地铁公司,1
北京协和医院眼科,1
北京二外国语学院好,1
北,1
化验,1
化生,1
合发,1
合婚,1
合庆,1
多西紫杉醇,1
多核性能,1
多棵,1
多点好,1
多玛姆,1
多线程,1
多芽,1
多费,1
外接,1
多连杆,1
夜以继日,1
夜光票,1
夜宵,1
夜跑,1
夜跑好,1
多条,1
多数,1
多收,1
多层板,1
多层好,1
多喝,1
多发好,1
多休息,1
多乐士,1
外轨高,1
外螺纹,1
外置声卡,1
外置,1
外省的211好,1
外焰,1
外汇,1
外机,1
够了,1
大g,1
大一点,1
大唐芙蓉园,1
大本,1
大春天,1
大方,1
大手术,1
大户型,1
大悲咒,1
大店,1
大年,1
大师,1
大布,1
大峡谷,1
大将,1
大堂好,1
大器晚成,1
大卵泡,1
大一码,1
大动脉,1
大刀关胜,1
大写,1
大兴,1
大伤,1
大众朗逸,1
大众捷达,1
大众,1
大产权,1
大亚湾,1
大了好,1
大主板,1
大丰,1
大专办公室,1
外教,1
外循环,1
大球,1
墨玉,1
增加了,1
增大,1
增幅,1
增驾,1
增高,1
墨,1
壁纸,1
外径,1
士力架,1
壮,1
声乐,1
壳,1
壳牌,1
处于,1
增,1
墙面,1
墙纸好,1
墙砖,1
墙压地,1
墙,1
填缝剂,1
填,1
塞耳朵,1
塞尔维亚,1
塞,1
塔图姆,1
堵车,1
堵牙的料,1
堵头,1
堵了,1
堂,1
处处相同,1
备受诟病,1
备案了,1
复读机,1
外屏,1
外国语学校好,1
外国童话,1
外国债券,1
外国,1
外包,1
外切好,1
外切,1
夏进好,1
夏进,1
夏历,1
夏,1
复音口琴,1
复通,1
复试,1
复兴号,1
复查,1
复方红豆杉胶囊,1
复方玄驹胶囊,1
复播了,1
复式,1
复容,1
复合管,1
复合碘,1
复合地产,1
复合,1
复发了,1
复印件,1
复制,1
复出,1
大点,1
大理石,1
合成,1
奸杀,1
女魔超敏,1
奶伴侣好,1
奶味,1
奶爸,1
奶瓶,1
奶酪,1
好不了,1
奔驰e200,1
好了再去,1
好作废,1
好修,1
好借,1
好关闭,1
好养活,1
女的多,1
女生多,1
女生,1
女方父母,1
女宝,1
女娲,1
女大枪,1
女儿,1
奥迪a4l,1
奥特之王,1
奥拓,1
奥德赛,1
奥大利,1
奥,1
套内面积,1
奕泽,1
奔驰好,1
好办 ,1
好办理,1
好听 ,1
好毕业,1
好穿,1
好种,1
好秀,1
好的快,1
好的了,1
好申,1
好用/不好用,1
好用 ,1
好生顶,1
好生,1
好现象,1
好玩 ,1
好熟,1
好泡,1
好条理,1
好吸收,1
好是,1
好改,1
好提 ,1
好提,1
好拿,1
好打车,1
好弄,1
好带,1
好娶,1
好女人,1
好大学,1
好处多,1
好处,1
好啊,1
奔驰e200l,1
奔驰c200l,1
大理石好,1
天刀,1
大马士革,1
大魂好,1
大魂链,1
大麦,1
天一,1
天丝棉,1
天刀太白,1
奔腾x80,1
天坛,1
天天吵架,1
天山,1
天府新区,1
天弘,1
天河区,1
大雕好,1
大队长,1
大连,1
大辽,1
大足区,1
大象高,1
大豆,1
大蒜,1
大脸,1
大肚鱼漂,1
大罗,1
大网卡,1
大禹,1
大码,1
大的好,1
大白鲨,1
大白,1
天津医科大,1
天津工业大学,1
天津师大,1
失业保险,1
奔腾X80,1
奇葩,1
奇瑞,1
奇数,1
夺萃,1
夸过,1
头西脚东,1
头少,1
头孢克肟,1
失误过,1
失电子,1
失效,1
失忆了,1
失传了,1
央企处长,1
天然大理石,1
夫西地乳膏,1
太阳镜,1
太平公主,1
太子摩托车,1
太原理工,1
太任性,1
天龙八邹,1
天道,1
天籁,1
天秤男,1
天秤座,1
天眼,1
天猫国际,1
天狼星,1
基本工资,1
基德,1
培训班,1
和田玉贵,1
呼应,1
呼气,1
和家人说,1
和床头一个方向 ,1
和旋,1
和珅,1
和的来,1
吵,1
和谐了,1
咖啡,1
咸水,1
咸鸭蛋好,1
品牌,1
品牌机,1
呼吸,1
味精,1
周迅,1
周瑜大,1
周瑜,1
周杰伦,1
周到,1
吹了 ,1
吸鼻头,1
吸风,1
吸血,1
吸热反应,1
吸热 ,1
吸烟,1
吸汗,1
吸气,1
吸奶器,1
品胜,1
哈佛h6,1
哈佛h6好,1
唐高宗,1
喜光,1
善战,1
善存,1
喂奶粉,1
喂了,1
啊根挺,1
商品房,1
商务英语,1
商业险,1
商丘学院,1
商丘医专,1
啃,1
唱吧,1
唯一,1
唐迟,1
哈密,1
唐山学院,1
唐代,1
唐三,1
哭,1
哥斯达黎,1
哥斯达,1
哥伦比亚强,1
哑铃,1
哑光口红,1
哈曼好,1
哈曼卡顿行星好,1
哈工大,1
哈尔滨工程大学,1
哈尔滨医科大学,1
吸光,1
吴恩达,1
城里小户型,1
同时进行,1
吊轨门,1
同卵,1
同平台,1
同房,1
同时到,1
同时存在,1
同朝,1
吴亦凡帅,1
同源,1
名刀,1
名校,1
名次,1
名词,1
名词单数,1
吊装前,1
吊瓶好,1
吊灯,1
吊兰,1
吉祥,1
吉利远景,1
吉利博瑞,1
吉他,1
吉,1
合金筷子,1
合资汽车,1
合规,1
合肥万达,1
合算 ,1
合生元,1
合成的好,1
合成的,1
后壁,1
后奕射日,1
后悔了,1
君越,1
启赋奶粉,1
启赋,1
启动,1
听过,1
听到,1
听不到,1
含碘,1
含水量高,1
含氟,1
含 ,1
否定句,1
吞的,1
吞服,1
吞,1
君乐宝,1
后排,1
吕钦,1
吓死过,1
向远处看,1
向外,1
向下,1
吐好,1
吐,1
后风窗,1
后腿,1
后置好,1
后置,1
后桥变形,1
后期,1
后放糖,1
喜剧,1
喜水,1
喜阳,1
在了,1
圣杯,1
圣火令,1
圣罗兰,1
在 ,1
在一定时间段,1
在世,1
在修,1
喜阴,1
在做,1
在内,1
在后,1
在学校好,1
在家,1
在家里,1
圣巫,1
圣女果,1
圣亚海洋馆,1
土耳其,1
土建,1
土养好,1
土,1
圈,1
圆糯米,1
圆的,1
圆形钻头,1
圆形,1
圆头,1
国际航班,1
国际版好玩,1
国际服,1
国际六一儿童节,1
在招,1
在本部,1
在水里,1
坏处,1
城市,1
城外,1
埋怨,1
垮了,1
垫钱,1
垫付,1
垃圾桶,1
垃圾,1
坚持,1
坑钱,1
坐飞机合适,1
坐车,1
坐落,1
坐好死扛,1
坏事,1
在涨,1
地铁,1
地级,1
地球大,1
地球围绕太阳转,1
地漏,1
地毯,1
地段,1
地板砖,1
地暖,1
地方,1
地府,1
地图方便,1
地,1
在线快,1
国道,1
国行版,1
国营,1
四个月四天,1
四轮定位,1
四轮,1
四级难,1
四物汤,1
四氯合铜离子,1
四氯化碳,1
四楼好,1
四挡,1
四惠,1
四川文化艺术学院,1
四川师范大学,1
四川大学,1
四大火炉,1
四分之三,1
囊括,1
回 奶,1
囊实性,1
嚼着吃,1
器官,1
嘴短好,1
嘉旅,1
嘉兴,1
嗯,1
嗨棒,1
喷雾,1
喷剂,1
喷不完,1
喷,1
喝茶好,1
喝牛奶,1
四轮滑板好,1
回不到,1
国舰好,1
固定收益的,1
国考的,1
国税局,1
国画,1
国民党,1
国标拉丁,1
国服,1
国有,1
国家承认,1
国外好,1
国外,1
国四,1
国历,1
固特异,1
固态硬盘,1
固定ip,1
回到了,1
固定,1
固伤,1
围拆,1
团,1
因特尔,1
回购,1
回访,1
回生源地,1
回来了,1
回来,1
回家过年,1
回家了,1
回家,1
回娘家,1
：竞走,1
